County,State,Cases,Level
Aleutians West Census Area,AK,0.0,Green
Aleutians East Borough,AK,0.0,Green
Bristol Bay Borough,AK,0.0,Green
Bethel Census Area,AK,0.0,Green
Denali Borough,AK,0.0,Green
Dillingham Census Area,AK,0.0,Green
Haines Borough,AK,0.0,Green
Hoonah-Angoon Census Area,AK,0.0,Green
Ketchikan Gateway Borough,AK,0.0,Green
Lake and Peninsula Borough,AK,0.0,Green
Kusilvak Census Area,AK,0.0,Green
Kodiak Island Borough,AK,0.0,Green
Northwest Arctic Borough,AK,0.0,Green
North Slope Borough,AK,0.0,Green
Nome Census Area,AK,0.0,Green
Petersburg Census Area,AK,0.0,Green
Prince of Wales-Hyder Census Area,AK,0.0,Green
Southeast Fairbanks Census Area,AK,0.0,Green
Skagway Municipality,AK,0.0,Green
Sitka City and Borough,AK,0.0,Green
Valdez-Cordova Census Area,AK,0.0,Green
Yukon-Koyukuk Census Area,AK,0.0,Green
Yakutat City and Borough,AK,0.0,Green
Wrangell City and Borough,AK,0.0,Green
Statewide Unallocated,AK,0.0,Green
City and Borough of Juneau,AK,0.4,Green
Fairbanks North Star Borough,AK,4.9,Yellow
Matanuska-Susitna Borough,AK,5.3,Yellow
Municipality of Anchorage,AK,6.7,Yellow
Kenai Peninsula Borough,AK,7.1,Yellow
Statewide Unallocated,AL,0.0,Green
Fayette County,AL,3.5,Yellow
Coosa County,AL,4.0,Yellow
Crenshaw County,AL,4.1,Yellow
Henry County,AL,5.0,Yellow
Lawrence County,AL,6.1,Yellow
Choctaw County,AL,7.9,Yellow
Lamar County,AL,9.3,Yellow
Washington County,AL,9.6,Yellow
Houston County,AL,10.3,Orange
Coffee County,AL,10.4,Orange
Cleburne County,AL,10.5,Orange
Clarke County,AL,10.9,Orange
Geneva County,AL,11.4,Orange
Blount County,AL,12.4,Orange
Colbert County,AL,12.4,Orange
Sumter County,AL,12.6,Orange
Cullman County,AL,13.3,Orange
Calhoun County,AL,14.7,Orange
Talladega County,AL,15.4,Orange
Dale County,AL,16.0,Orange
Chilton County,AL,16.1,Orange
Marion County,AL,16.3,Orange
Cherokee County,AL,16.4,Orange
Tallapoosa County,AL,17.0,Orange
Pike County,AL,17.7,Orange
Lauderdale County,AL,18.2,Orange
Baldwin County,AL,19.6,Orange
Bibb County,AL,19.8,Orange
Limestone County,AL,19.8,Orange
Madison County,AL,20.1,Orange
Barbour County,AL,20.3,Orange
Jackson County,AL,21.3,Orange
St. Clair County,AL,21.5,Orange
Shelby County,AL,21.7,Orange
Bullock County,AL,22.6,Orange
Morgan County,AL,22.7,Orange
Mobile County,AL,22.9,Orange
Butler County,AL,24.2,Orange
Winston County,AL,24.8,Orange
Covington County,AL,25.1,Red
Elmore County,AL,26.0,Red
Etowah County,AL,26.5,Red
Macon County,AL,27.7,Red
Marengo County,AL,28.0,Red
Lee County,AL,28.2,Red
Autauga County,AL,28.6,Red
Wilcox County,AL,28.9,Red
Franklin County,AL,29.6,Red
Tuscaloosa County,AL,30.2,Red
Pickens County,AL,30.8,Red
Russell County,AL,32.0,Red
Clay County,AL,32.4,Red
Monroe County,AL,32.4,Red
Randolph County,AL,32.7,Red
Jefferson County,AL,33.5,Red
Montgomery County,AL,34.3,Red
Chambers County,AL,34.8,Red
Walker County,AL,34.9,Red
Hale County,AL,35.1,Red
DeKalb County,AL,36.8,Red
Greene County,AL,38.7,Red
Marshall County,AL,44.4,Red
Lowndes County,AL,47.0,Red
Dallas County,AL,51.5,Red
Escambia County,AL,52.3,Red
Conecuh County,AL,54.5,Red
Perry County,AL,96.1,Red
Van Buren County,AR,0.0,Green
Statewide Unallocated,AR,0.0,Green
Ouachita County,AR,0.6,Green
Clark County,AR,1.3,Yellow
Baxter County,AR,1.4,Yellow
Montgomery County,AR,1.6,Yellow
Dallas County,AR,2.0,Yellow
White County,AR,2.2,Yellow
Little River County,AR,2.3,Yellow
Independence County,AR,2.3,Yellow
Greene County,AR,2.5,Yellow
Union County,AR,2.6,Yellow
Scott County,AR,2.8,Yellow
Poinsett County,AR,3.0,Yellow
Izard County,AR,3.1,Yellow
Boone County,AR,3.1,Yellow
Fulton County,AR,3.4,Yellow
Prairie County,AR,3.5,Yellow
Cross County,AR,3.5,Yellow
Lawrence County,AR,3.5,Yellow
Polk County,AR,3.6,Yellow
Newton County,AR,3.7,Yellow
Pike County,AR,4.0,Yellow
Sharp County,AR,4.1,Yellow
Jackson County,AR,4.3,Yellow
Columbia County,AR,4.3,Yellow
Woodruff County,AR,4.5,Yellow
Craighead County,AR,4.9,Yellow
Nevada County,AR,5.2,Yellow
Calhoun County,AR,5.5,Yellow
Lincoln County,AR,6.6,Yellow
Marion County,AR,6.8,Yellow
Lonoke County,AR,6.8,Yellow
Perry County,AR,6.8,Yellow
Stone County,AR,6.9,Yellow
Garland County,AR,6.9,Yellow
Randolph County,AR,7.2,Yellow
Cleveland County,AR,7.2,Yellow
Franklin County,AR,8.1,Yellow
Monroe County,AR,8.5,Yellow
Arkansas County,AR,9.0,Yellow
Searcy County,AR,9.1,Yellow
Grant County,AR,9.4,Yellow
Hempstead County,AR,10.0,Yellow
Drew County,AR,10.2,Orange
Crittenden County,AR,10.4,Orange
Logan County,AR,10.6,Orange
Lafayette County,AR,10.8,Orange
Ashley County,AR,10.9,Orange
Clay County,AR,11.8,Orange
Saline County,AR,12.0,Orange
Carroll County,AR,12.1,Orange
Jefferson County,AR,14.8,Orange
Crawford County,AR,15.1,Orange
Cleburne County,AR,15.5,Orange
Madison County,AR,15.5,Orange
Conway County,AR,17.1,Orange
Faulkner County,AR,17.7,Orange
Pope County,AR,18.1,Orange
Phillips County,AR,18.5,Orange
Bradley County,AR,18.6,Orange
Sebastian County,AR,18.7,Orange
Benton County,AR,19.3,Orange
Mississippi County,AR,20.0,Orange
Pulaski County,AR,20.5,Orange
Howard County,AR,20.6,Orange
Desha County,AR,25.1,Red
Johnson County,AR,32.8,Red
Miller County,AR,36.0,Red
St. Francis County,AR,41.7,Red
Washington County,AR,43.6,Red
Hot Spring County,AR,67.7,Red
Sevier County,AR,68.9,Red
Yell County,AR,83.7,Red
Chicot County,AR,84.7,Red
Lee County,AR,282.3,Red
Statewide Unallocated,AZ,0.0,Green
Greenlee County,AZ,4.5,Yellow
Yavapai County,AZ,15.9,Orange
Graham County,AZ,20.2,Orange
Gila County,AZ,22.7,Orange
La Paz County,AZ,23.7,Orange
Mohave County,AZ,25.6,Red
Cochise County,AZ,26.1,Red
Apache County,AZ,27.0,Red
Pima County,AZ,28.6,Red
Pinal County,AZ,32.1,Red
Coconino County,AZ,34.4,Red
Navajo County,AZ,44.6,Red
Maricopa County,AZ,55.2,Red
Santa Cruz County,AZ,86.9,Red
Yuma County,AZ,103.6,Red
Alpine County,CA,0.0,Green
Modoc County,CA,0.0,Green
Plumas County,CA,0.0,Green
Sierra County,CA,0.0,Green
Trinity County,CA,0.0,Green
Statewide Unallocated,CA,0.0,Green
Grand Princess Cruise Ship,CA,0.0,Green
Siskiyou County,CA,1.3,Yellow
Mendocino County,CA,1.5,Yellow
Humboldt County,CA,1.6,Yellow
Lassen County,CA,1.9,Yellow
Nevada County,CA,3.0,Yellow
Inyo County,CA,3.2,Yellow
Mariposa County,CA,3.3,Yellow
Amador County,CA,3.6,Yellow
Shasta County,CA,3.9,Yellow
Mono County,CA,4.0,Yellow
Del Norte County,CA,4.1,Yellow
Butte County,CA,4.1,Yellow
San Francisco County,CA,4.3,Yellow
El Dorado County,CA,5.0,Yellow
Tuolumne County,CA,5.5,Yellow
Santa Cruz County,CA,5.6,Yellow
Tehama County,CA,5.7,Yellow
Calaveras County,CA,6.5,Yellow
Monterey County,CA,6.6,Yellow
Sonoma County,CA,7.7,Yellow
Lake County,CA,8.0,Yellow
Sacramento County,CA,8.2,Yellow
Santa Clara County,CA,8.2,Yellow
San Mateo County,CA,8.4,Yellow
Placer County,CA,9.0,Yellow
San Luis Obispo County,CA,9.7,Yellow
Alameda County,CA,10.1,Orange
Contra Costa County,CA,10.7,Orange
Napa County,CA,11.0,Orange
Solano County,CA,11.4,Orange
Yuba County,CA,11.4,Orange
Kern County,CA,12.5,Orange
Sutter County,CA,13.6,Orange
Los Angeles County,CA,13.9,Orange
Stanislaus County,CA,14.1,Orange
Yolo County,CA,14.2,Orange
San Diego County,CA,14.5,Orange
Madera County,CA,14.8,Orange
San Benito County,CA,15.2,Orange
Ventura County,CA,15.3,Orange
Santa Barbara County,CA,17.6,Orange
Glenn County,CA,17.6,Orange
Orange County,CA,19.1,Orange
Riverside County,CA,19.3,Orange
San Bernardino County,CA,22.4,Orange
Merced County,CA,23.0,Orange
Fresno County,CA,23.3,Orange
San Joaquin County,CA,25.9,Red
Tulare County,CA,28.3,Red
Kings County,CA,29.5,Red
Colusa County,CA,35.1,Red
Imperial County,CA,78.7,Red
Marin County,CA,82.2,Red
Chaffee County,CO,0.0,Green
Cheyenne County,CO,0.0,Green
Custer County,CO,0.0,Green
Dolores County,CO,0.0,Green
Huerfano County,CO,0.0,Green
Hinsdale County,CO,0.0,Green
Kiowa County,CO,0.0,Green
Lincoln County,CO,0.0,Green
Park County,CO,0.0,Green
Otero County,CO,0.0,Green
Phillips County,CO,0.0,Green
Sedgwick County,CO,0.0,Green
Saguache County,CO,0.0,Green
Statewide Unallocated,CO,0.0,Green
Elbert County,CO,0.5,Green
Delta County,CO,0.9,Green
Teller County,CO,1.1,Yellow
Fremont County,CO,1.2,Yellow
Montrose County,CO,1.3,Yellow
Morgan County,CO,1.5,Yellow
Montezuma County,CO,1.6,Yellow
Grand County,CO,1.8,Yellow
Logan County,CO,1.9,Yellow
Pueblo County,CO,2.0,Yellow
Archuleta County,CO,2.0,Yellow
Las Animas County,CO,2.0,Yellow
Gilpin County,CO,2.3,Yellow
Rio Blanco County,CO,2.3,Yellow
Crowley County,CO,2.4,Yellow
Gunnison County,CO,2.5,Yellow
Bent County,CO,2.6,Yellow
Mesa County,CO,2.7,Yellow
Routt County,CO,2.8,Yellow
Yuma County,CO,2.9,Yellow
Douglas County,CO,3.0,Yellow
Moffat County,CO,3.2,Yellow
Jefferson County,CO,3.2,Yellow
Boulder County,CO,3.3,Yellow
Larimer County,CO,3.4,Yellow
Lake County,CO,3.5,Yellow
Conejos County,CO,3.5,Yellow
Weld County,CO,3.7,Yellow
Broomfield County,CO,3.9,Yellow
Baca County,CO,4.0,Yellow
Kit Carson County,CO,4.0,Yellow
Arapahoe County,CO,4.3,Yellow
Clear Creek County,CO,4.4,Yellow
Eagle County,CO,4.9,Yellow
San Miguel County,CO,5.2,Yellow
Summit County,CO,5.5,Yellow
El Paso County,CO,5.6,Yellow
La Plata County,CO,5.6,Yellow
Ouray County,CO,5.8,Yellow
Washington County,CO,5.8,Yellow
Adams County,CO,5.9,Yellow
Denver County,CO,6.6,Yellow
Costilla County,CO,7.4,Yellow
Rio Grande County,CO,8.9,Yellow
Pitkin County,CO,9.6,Yellow
Jackson County,CO,10.3,Orange
Garfield County,CO,10.9,Orange
Alamosa County,CO,11.4,Orange
Prowers County,CO,11.7,Orange
San Juan County,CO,19.6,Orange
Mineral County,CO,74.3,Red
Statewide Unallocated,CT,0.0,Green
Tolland County,CT,0.6,Green
Litchfield County,CT,1.0,Green
Windham County,CT,1.3,Yellow
Middlesex County,CT,1.4,Yellow
New Haven County,CT,1.8,Yellow
New London County,CT,1.8,Yellow
Fairfield County,CT,1.9,Yellow
Hartford County,CT,2.3,Yellow
Washington,DC,4.7,Yellow
Statewide Unallocated,DE,0.0,Green
Kent County,DE,6.6,Yellow
New Castle County,DE,12.1,Orange
Sussex County,DE,18.0,Orange
Statewide Unallocated,FL,0.0,Green
Washington County,FL,6.2,Yellow
Bradford County,FL,6.6,Yellow
Citrus County,FL,9.6,Yellow
Sumter County,FL,10.0,Orange
Lafayette County,FL,10.2,Orange
Franklin County,FL,10.6,Orange
Highlands County,FL,10.9,Orange
Dixie County,FL,11.0,Orange
Flagler County,FL,11.2,Orange
Marion County,FL,11.6,Orange
Jefferson County,FL,12.0,Orange
Levy County,FL,13.4,Orange
Gilchrist County,FL,13.8,Orange
Wakulla County,FL,14.0,Orange
Hernando County,FL,14.4,Orange
Jackson County,FL,14.5,Orange
Charlotte County,FL,15.7,Orange
Taylor County,FL,16.6,Orange
Columbia County,FL,18.3,Orange
Glades County,FL,18.6,Orange
Volusia County,FL,19.4,Orange
Walton County,FL,20.6,Orange
Okaloosa County,FL,20.7,Orange
Brevard County,FL,21.1,Orange
Clay County,FL,21.6,Orange
Calhoun County,FL,22.3,Orange
Union County,FL,22.5,Orange
Baker County,FL,23.0,Orange
St. Lucie County,FL,23.1,Orange
Nassau County,FL,23.2,Orange
Alachua County,FL,24.1,Orange
Indian River County,FL,24.7,Orange
Sarasota County,FL,25.0,Orange
Pasco County,FL,25.2,Red
Lake County,FL,25.4,Red
St. Johns County,FL,26.3,Red
Okeechobee County,FL,27.1,Red
Holmes County,FL,27.7,Red
Monroe County,FL,28.5,Red
Seminole County,FL,29.5,Red
Gadsden County,FL,29.7,Red
Santa Rosa County,FL,30.9,Red
Bay County,FL,32.0,Red
Palm Beach County,FL,32.9,Red
Gulf County,FL,33.5,Red
Polk County,FL,33.5,Red
Collier County,FL,34.6,Red
Manatee County,FL,34.7,Red
Martin County,FL,36.4,Red
Pinellas County,FL,36.8,Red
Liberty County,FL,39.3,Red
Leon County,FL,41.2,Red
Putnam County,FL,42.6,Red
Lee County,FL,42.8,Red
Hillsborough County,FL,42.9,Red
Osceola County,FL,43.1,Red
Orange County,FL,44.7,Red
Madison County,FL,46.3,Red
Broward County,FL,48.4,Red
Hardee County,FL,50.4,Red
Escambia County,FL,51.6,Red
Duval County,FL,53.1,Red
Hendry County,FL,55.1,Red
Suwannee County,FL,58.2,Red
Hamilton County,FL,58.4,Red
DeSoto County,FL,61.3,Red
Miami-Dade County,FL,69.9,Red
Clay County,GA,0.0,Green
Taliaferro County,GA,0.0,Green
Statewide Unallocated,GA,0.0,Green
Seminole County,GA,1.8,Yellow
Montgomery County,GA,3.1,Yellow
Lumpkin County,GA,4.3,Yellow
Catoosa County,GA,4.4,Yellow
Baker County,GA,4.7,Yellow
Pickens County,GA,5.3,Yellow
Schley County,GA,5.4,Yellow
Greene County,GA,5.5,Yellow
White County,GA,5.6,Yellow
Union County,GA,5.8,Yellow
Walker County,GA,5.9,Yellow
Chattooga County,GA,6.3,Yellow
Pulaski County,GA,6.4,Yellow
Macon County,GA,6.6,Yellow
Gilmer County,GA,6.8,Yellow
Fannin County,GA,7.1,Yellow
Echols County,GA,7.1,Yellow
Lee County,GA,8.1,Yellow
Haralson County,GA,8.2,Yellow
Wilcox County,GA,8.3,Yellow
Randolph County,GA,8.4,Yellow
Dade County,GA,8.9,Yellow
Burke County,GA,8.9,Yellow
Turner County,GA,8.9,Yellow
Screven County,GA,9.2,Yellow
Forsyth County,GA,9.4,Yellow
Oglethorpe County,GA,9.4,Yellow
Polk County,GA,9.7,Yellow
Mitchell County,GA,9.8,Yellow
Paulding County,GA,10.2,Orange
Liberty County,GA,10.2,Orange
Decatur County,GA,10.3,Orange
Banks County,GA,10.4,Orange
Dawson County,GA,10.9,Orange
Fayette County,GA,11.1,Orange
Jasper County,GA,11.1,Orange
Elbert County,GA,11.2,Orange
Wilkinson County,GA,11.2,Orange
Pike County,GA,11.3,Orange
Peach County,GA,11.4,Orange
Calhoun County,GA,11.5,Orange
Sumter County,GA,11.6,Orange
Cherokee County,GA,11.6,Orange
Terrell County,GA,11.7,Orange
Barrow County,GA,11.8,Orange
Twiggs County,GA,12.3,Orange
Miller County,GA,12.5,Orange
Morgan County,GA,12.6,Orange
Coweta County,GA,12.6,Orange
Floyd County,GA,12.8,Orange
Walton County,GA,13.0,Orange
Rabun County,GA,13.3,Orange
Oconee County,GA,13.5,Orange
Bartow County,GA,13.5,Orange
Crawford County,GA,13.8,Orange
Lamar County,GA,14.2,Orange
Towns County,GA,14.2,Orange
Glascock County,GA,14.4,Orange
Treutlen County,GA,14.5,Orange
Long County,GA,14.6,Orange
Dodge County,GA,14.6,Orange
Evans County,GA,14.7,Orange
Madison County,GA,15.3,Orange
Telfair County,GA,15.3,Orange
Crisp County,GA,15.3,Orange
Hart County,GA,15.3,Orange
Houston County,GA,15.3,Orange
Marion County,GA,15.4,Orange
Jackson County,GA,15.5,Orange
Dooly County,GA,16.0,Orange
Berrien County,GA,16.2,Orange
Effingham County,GA,16.2,Orange
Upson County,GA,16.3,Orange
Webster County,GA,16.4,Orange
Wheeler County,GA,16.4,Orange
Bleckley County,GA,16.6,Orange
Hancock County,GA,16.9,Orange
Tattnall County,GA,16.9,Orange
Butts County,GA,17.2,Orange
Habersham County,GA,17.3,Orange
Taylor County,GA,17.8,Orange
Dougherty County,GA,17.9,Orange
Spalding County,GA,18.0,Orange
Bryan County,GA,18.0,Orange
Rockdale County,GA,18.2,Orange
Worth County,GA,18.3,Orange
Franklin County,GA,18.4,Orange
Newton County,GA,18.5,Orange
Columbia County,GA,18.6,Orange
Quitman County,GA,18.6,Orange
Henry County,GA,18.7,Orange
Heard County,GA,19.2,Orange
Clinch County,GA,19.4,Orange
Brantley County,GA,19.4,Orange
Hall County,GA,20.2,Orange
Jones County,GA,20.4,Orange
Carroll County,GA,20.6,Orange
Laurens County,GA,20.7,Orange
Gordon County,GA,20.9,Orange
Early County,GA,21.0,Orange
Camden County,GA,21.2,Orange
Murray County,GA,21.4,Orange
Cobb County,GA,21.7,Orange
Warren County,GA,21.8,Orange
Douglas County,GA,22.0,Orange
Johnson County,GA,22.2,Orange
Toombs County,GA,22.4,Orange
Wayne County,GA,22.4,Orange
Clayton County,GA,22.6,Orange
Charlton County,GA,23.5,Orange
Jeff Davis County,GA,23.6,Orange
McDuffie County,GA,24.1,Orange
Monroe County,GA,24.3,Orange
Ben Hill County,GA,24.8,Orange
Clarke County,GA,25.3,Red
Grady County,GA,25.5,Red
Thomas County,GA,25.7,Red
Emanuel County,GA,25.9,Red
Meriwether County,GA,26.3,Red
Lincoln County,GA,27.1,Red
Stephens County,GA,27.6,Red
DeKalb County,GA,27.6,Red
Fulton County,GA,27.7,Red
Pierce County,GA,27.9,Red
Appling County,GA,28.0,Red
Baldwin County,GA,28.0,Red
Harris County,GA,28.4,Red
Coffee County,GA,28.4,Red
Putnam County,GA,28.4,Red
Richmond County,GA,29.4,Red
Gwinnett County,GA,29.9,Red
Talbot County,GA,30.0,Red
Irwin County,GA,30.3,Red
Lanier County,GA,31.5,Red
Washington County,GA,31.6,Red
Chattahoochee County,GA,32.7,Red
Wilkes County,GA,33.6,Red
Lowndes County,GA,34.3,Red
McIntosh County,GA,35.8,Red
Brooks County,GA,36.0,Red
Chatham County,GA,36.3,Red
Bulloch County,GA,38.6,Red
Cook County,GA,38.9,Red
Candler County,GA,39.7,Red
Jefferson County,GA,42.8,Red
Whitfield County,GA,43.7,Red
Atkinson County,GA,43.7,Red
Jenkins County,GA,44.5,Red
Muscogee County,GA,44.6,Red
Bibb County,GA,45.3,Red
Ware County,GA,46.0,Red
Tift County,GA,47.8,Red
Troup County,GA,55.8,Red
Colquitt County,GA,60.5,Red
Bacon County,GA,69.1,Red
Glynn County,GA,108.4,Red
Stewart County,GA,155.3,Red
Kalawao County,HI,0.0,Green
Statewide Unallocated,HI,0.0,Green
Hawaii County,HI,0.4,Green
Maui County,HI,0.5,Green
Kauai County,HI,0.6,Green
Honolulu County,HI,1.6,Yellow
Audubon County,IA,-2.6,Green
Adams County,IA,0.0,Green
Appanoose County,IA,0.0,Green
Fremont County,IA,0.0,Green
Montgomery County,IA,0.0,Green
Monroe County,IA,0.0,Green
Page County,IA,0.0,Green
Poweshiek County,IA,0.0,Green
Statewide Unallocated,IA,0.0,Green
Mahaska County,IA,0.6,Green
Keokuk County,IA,1.4,Yellow
Greene County,IA,1.6,Yellow
Lucas County,IA,1.7,Yellow
Kossuth County,IA,1.9,Yellow
Adair County,IA,2.0,Yellow
Des Moines County,IA,2.2,Yellow
Louisa County,IA,2.6,Yellow
Guthrie County,IA,2.7,Yellow
Lee County,IA,3.4,Yellow
Union County,IA,3.5,Yellow
Iowa County,IA,3.5,Yellow
Decatur County,IA,3.6,Yellow
Henry County,IA,3.6,Yellow
Mills County,IA,3.8,Yellow
Bremer County,IA,4.0,Yellow
Jones County,IA,4.1,Yellow
Van Buren County,IA,4.1,Yellow
Harrison County,IA,4.1,Yellow
Clayton County,IA,4.1,Yellow
Jasper County,IA,4.2,Yellow
Ida County,IA,4.2,Yellow
Sac County,IA,4.4,Yellow
Jackson County,IA,4.4,Yellow
Wayne County,IA,4.4,Yellow
Buchanan County,IA,4.7,Yellow
Taylor County,IA,4.7,Yellow
Chickasaw County,IA,4.8,Yellow
Davis County,IA,4.8,Yellow
Wapello County,IA,4.9,Yellow
Lyon County,IA,4.9,Yellow
Cherokee County,IA,5.1,Yellow
Marion County,IA,5.2,Yellow
Allamakee County,IA,5.2,Yellow
Cass County,IA,5.6,Yellow
Hamilton County,IA,5.8,Yellow
Ringgold County,IA,5.8,Yellow
Linn County,IA,5.9,Yellow
Benton County,IA,6.1,Yellow
Clinton County,IA,6.8,Yellow
O'Brien County,IA,7.3,Yellow
Hardin County,IA,7.6,Yellow
Pottawattamie County,IA,7.7,Yellow
Jefferson County,IA,7.8,Yellow
Boone County,IA,8.2,Yellow
Sioux County,IA,8.2,Yellow
Floyd County,IA,8.2,Yellow
Delaware County,IA,8.4,Yellow
Madison County,IA,8.7,Yellow
Cedar County,IA,9.2,Yellow
Winneshiek County,IA,9.3,Yellow
Muscatine County,IA,9.4,Yellow
Hancock County,IA,9.4,Yellow
Washington County,IA,9.8,Yellow
Grundy County,IA,10.5,Orange
Winnebago County,IA,11.0,Orange
Warren County,IA,11.4,Orange
Woodbury County,IA,11.6,Orange
Calhoun County,IA,11.8,Orange
Butler County,IA,11.9,Orange
Humboldt County,IA,12.0,Orange
Carroll County,IA,12.0,Orange
Fayette County,IA,12.4,Orange
Clay County,IA,12.5,Orange
Crawford County,IA,12.7,Orange
Marshall County,IA,13.1,Orange
Monona County,IA,13.3,Orange
Buena Vista County,IA,14.6,Orange
Story County,IA,14.6,Orange
Shelby County,IA,15.0,Orange
Dallas County,IA,15.1,Orange
Clarke County,IA,15.2,Orange
Worth County,IA,15.5,Orange
Plymouth County,IA,15.9,Orange
Scott County,IA,16.0,Orange
Emmet County,IA,17.1,Orange
Polk County,IA,17.1,Orange
Wright County,IA,19.3,Orange
Palo Alto County,IA,20.9,Orange
Tama County,IA,21.2,Orange
Mitchell County,IA,22.9,Orange
Howard County,IA,23.4,Orange
Black Hawk County,IA,23.4,Orange
Johnson County,IA,23.6,Orange
Cerro Gordo County,IA,23.9,Orange
Osceola County,IA,24.0,Orange
Dickinson County,IA,25.7,Red
Dubuque County,IA,27.0,Red
Webster County,IA,27.9,Red
Franklin County,IA,28.4,Red
Pocahontas County,IA,58.3,Red
Boundary County,ID,0.0,Green
Camas County,ID,0.0,Green
Butte County,ID,0.0,Green
Clark County,ID,0.0,Green
Lincoln County,ID,0.0,Green
Lewis County,ID,0.0,Green
Lemhi County,ID,0.0,Green
Statewide Unallocated,ID,0.0,Green
Jefferson County,ID,0.5,Green
Clearwater County,ID,1.6,Yellow
Idaho County,ID,1.7,Yellow
Nez Perce County,ID,1.8,Yellow
Power County,ID,1.9,Yellow
Caribou County,ID,2.0,Yellow
Madison County,ID,2.1,Yellow
Bannock County,ID,2.8,Yellow
Benewah County,ID,3.1,Yellow
Bonneville County,ID,3.2,Yellow
Custer County,ID,3.3,Yellow
Shoshone County,ID,3.3,Yellow
Adams County,ID,3.3,Yellow
Fremont County,ID,3.3,Yellow
Bingham County,ID,3.7,Yellow
Gooding County,ID,3.8,Yellow
Franklin County,ID,4.1,Yellow
Bonner County,ID,4.7,Yellow
Bear Lake County,ID,4.7,Yellow
Latah County,ID,5.0,Yellow
Boise County,ID,5.5,Yellow
Blaine County,ID,6.8,Yellow
Teton County,ID,7.1,Yellow
Jerome County,ID,8.8,Yellow
Elmore County,ID,9.3,Yellow
Valley County,ID,12.5,Orange
Oneida County,ID,12.6,Orange
Gem County,ID,15.0,Orange
Twin Falls County,ID,19.4,Orange
Kootenai County,ID,20.4,Orange
Owyhee County,ID,20.5,Orange
Washington County,ID,28.0,Red
Ada County,ID,29.5,Red
Payette County,ID,32.2,Red
Cassia County,ID,33.9,Red
Minidoka County,ID,37.3,Red
Canyon County,ID,40.6,Red
Alexander County,IL,0.0,Green
Brown County,IL,0.0,Green
Carroll County,IL,0.0,Green
Calhoun County,IL,0.0,Green
Clay County,IL,0.0,Green
Crawford County,IL,0.0,Green
Edwards County,IL,0.0,Green
Gallatin County,IL,0.0,Green
Fayette County,IL,0.0,Green
Henderson County,IL,0.0,Green
Hardin County,IL,0.0,Green
Greene County,IL,0.0,Green
Johnson County,IL,0.0,Green
Jersey County,IL,0.0,Green
Lawrence County,IL,0.0,Green
Mason County,IL,0.0,Green
Menard County,IL,0.0,Green
Pope County,IL,0.0,Green
Richland County,IL,0.0,Green
Putnam County,IL,0.0,Green
Schuyler County,IL,0.0,Green
Saline County,IL,0.0,Green
Statewide Unallocated,IL,0.0,Green
Fulton County,IL,0.4,Green
Jefferson County,IL,0.4,Green
Woodford County,IL,0.7,Green
Shelby County,IL,0.7,Green
Hancock County,IL,0.8,Green
Edgar County,IL,0.8,Green
Pike County,IL,0.9,Green
Clark County,IL,0.9,Green
Piatt County,IL,0.9,Green
Christian County,IL,0.9,Green
McDonough County,IL,1.0,Green
Macon County,IL,1.1,Yellow
Wabash County,IL,1.2,Yellow
Jasper County,IL,1.5,Yellow
Marion County,IL,1.5,Yellow
Morgan County,IL,1.7,Yellow
McLean County,IL,1.7,Yellow
Lee County,IL,1.7,Yellow
Wayne County,IL,1.8,Yellow
Moultrie County,IL,2.0,Yellow
Washington County,IL,2.1,Yellow
Macoupin County,IL,2.2,Yellow
Bureau County,IL,2.2,Yellow
Jackson County,IL,2.5,Yellow
Vermilion County,IL,2.5,Yellow
Logan County,IL,2.5,Yellow
Marshall County,IL,2.5,Yellow
Bond County,IL,2.6,Yellow
Stephenson County,IL,2.6,Yellow
Stark County,IL,2.7,Yellow
Jo Daviess County,IL,2.7,Yellow
LaSalle County,IL,2.8,Yellow
Effingham County,IL,2.9,Yellow
Sangamon County,IL,2.9,Yellow
Scott County,IL,2.9,Yellow
Monroe County,IL,2.9,Yellow
Coles County,IL,3.1,Yellow
Whiteside County,IL,3.1,Yellow
Iroquois County,IL,3.2,Yellow
Tazewell County,IL,3.3,Yellow
Clinton County,IL,3.4,Yellow
Montgomery County,IL,3.5,Yellow
Hamilton County,IL,3.5,Yellow
Livingston County,IL,3.6,Yellow
Grundy County,IL,3.6,Yellow
Mercer County,IL,3.7,Yellow
Henry County,IL,3.8,Yellow
Randolph County,IL,4.0,Yellow
Massac County,IL,4.1,Yellow
Williamson County,IL,4.1,Yellow
White County,IL,4.2,Yellow
Winnebago County,IL,4.4,Yellow
Douglas County,IL,4.4,Yellow
Knox County,IL,4.6,Yellow
DeKalb County,IL,5.0,Yellow
Kendall County,IL,5.1,Yellow
Kankakee County,IL,5.1,Yellow
Ogle County,IL,5.4,Yellow
McHenry County,IL,5.4,Yellow
Perry County,IL,5.5,Yellow
DuPage County,IL,5.6,Yellow
Franklin County,IL,5.9,Yellow
Kane County,IL,6.2,Yellow
Lake County,IL,6.4,Yellow
Will County,IL,6.5,Yellow
Peoria County,IL,6.5,Yellow
Madison County,IL,6.5,Yellow
Cumberland County,IL,6.6,Yellow
Warren County,IL,6.8,Yellow
Champaign County,IL,6.9,Yellow
De Witt County,IL,7.3,Yellow
Cook County,IL,7.7,Yellow
Boone County,IL,8.3,Yellow
Adams County,IL,8.5,Yellow
Ford County,IL,8.8,Yellow
Union County,IL,9.4,Yellow
Cass County,IL,10.6,Orange
St. Clair County,IL,11.9,Orange
Pulaski County,IL,13.4,Orange
Rock Island County,IL,13.5,Orange
Brown County,IN,0.0,Green
Franklin County,IN,0.0,Green
Martin County,IN,0.0,Green
Ohio County,IN,0.0,Green
Parke County,IN,0.0,Green
Sullivan County,IN,0.0,Green
Union County,IN,0.0,Green
Tipton County,IN,0.0,Green
Warren County,IN,0.0,Green
Statewide Unallocated,IN,0.0,Green
Clay County,IN,0.5,Green
Vermillion County,IN,0.9,Green
Bartholomew County,IN,0.9,Green
Greene County,IN,0.9,Green
Cass County,IN,1.1,Yellow
Delaware County,IN,1.1,Yellow
Miami County,IN,1.2,Yellow
Ripley County,IN,1.5,Yellow
DeKalb County,IN,1.6,Yellow
Vigo County,IN,1.7,Yellow
Randolph County,IN,1.7,Yellow
Grant County,IN,1.7,Yellow
Madison County,IN,1.8,Yellow
Fayette County,IN,1.9,Yellow
Wells County,IN,2.0,Yellow
Carroll County,IN,2.1,Yellow
Jay County,IN,2.1,Yellow
Orange County,IN,2.2,Yellow
Putnam County,IN,2.3,Yellow
Knox County,IN,2.3,Yellow
Blackford County,IN,2.4,Yellow
Adams County,IN,2.4,Yellow
Floyd County,IN,2.5,Yellow
Washington County,IN,2.5,Yellow
Harrison County,IN,2.5,Yellow
Wayne County,IN,2.6,Yellow
Fountain County,IN,2.6,Yellow
Morgan County,IN,2.6,Yellow
Rush County,IN,2.6,Yellow
Huntington County,IN,2.7,Yellow
Owen County,IN,2.7,Yellow
Wabash County,IN,2.8,Yellow
Fulton County,IN,2.9,Yellow
White County,IN,3.0,Yellow
Jennings County,IN,3.1,Yellow
Steuben County,IN,3.3,Yellow
Clark County,IN,3.3,Yellow
Benton County,IN,3.3,Yellow
Jasper County,IN,3.4,Yellow
Shelby County,IN,3.5,Yellow
Scott County,IN,3.6,Yellow
Hendricks County,IN,3.8,Yellow
Daviess County,IN,3.9,Yellow
Jefferson County,IN,4.0,Yellow
Switzerland County,IN,4.0,Yellow
Monroe County,IN,4.1,Yellow
Decatur County,IN,4.3,Yellow
Montgomery County,IN,4.5,Yellow
Johnson County,IN,4.6,Yellow
Howard County,IN,4.8,Yellow
Clinton County,IN,4.9,Yellow
Whitley County,IN,5.0,Yellow
Dubois County,IN,5.0,Yellow
Porter County,IN,5.0,Yellow
Newton County,IN,5.1,Yellow
Hamilton County,IN,5.1,Yellow
Warrick County,IN,5.4,Yellow
Crawford County,IN,5.4,Yellow
LaPorte County,IN,5.5,Yellow
Boone County,IN,5.5,Yellow
Posey County,IN,5.6,Yellow
Spencer County,IN,5.6,Yellow
Marion County,IN,5.7,Yellow
Hancock County,IN,5.8,Yellow
Pike County,IN,5.8,Yellow
Allen County,IN,6.2,Yellow
Perry County,IN,6.7,Yellow
St. Joseph County,IN,6.9,Yellow
Jackson County,IN,7.4,Yellow
LaGrange County,IN,7.6,Yellow
Tippecanoe County,IN,7.7,Yellow
Lawrence County,IN,7.9,Yellow
Dearborn County,IN,8.7,Yellow
Vanderburgh County,IN,9.6,Yellow
Pulaski County,IN,10.4,Orange
Henry County,IN,11.3,Orange
Lake County,IN,11.9,Orange
Kosciusko County,IN,12.0,Orange
Noble County,IN,12.6,Orange
Starke County,IN,16.2,Orange
Gibson County,IN,20.4,Orange
Elkhart County,IN,21.4,Orange
Marshall County,IN,24.4,Orange
Barber County,KS,0.0,Green
Allen County,KS,0.0,Green
Chautauqua County,KS,0.0,Green
Chase County,KS,0.0,Green
Brown County,KS,0.0,Green
Coffey County,KS,0.0,Green
Clark County,KS,0.0,Green
Cheyenne County,KS,0.0,Green
Decatur County,KS,0.0,Green
Comanche County,KS,0.0,Green
Elk County,KS,0.0,Green
Doniphan County,KS,0.0,Green
Dickinson County,KS,0.0,Green
Greeley County,KS,0.0,Green
Gray County,KS,0.0,Green
Graham County,KS,0.0,Green
Gove County,KS,0.0,Green
Greenwood County,KS,0.0,Green
Jefferson County,KS,0.0,Green
Hodgeman County,KS,0.0,Green
Kiowa County,KS,0.0,Green
Kingman County,KS,0.0,Green
Kearny County,KS,0.0,Green
Jewell County,KS,0.0,Green
Lane County,KS,0.0,Green
Marshall County,KS,0.0,Green
Logan County,KS,0.0,Green
Morton County,KS,0.0,Green
Morris County,KS,0.0,Green
Mitchell County,KS,0.0,Green
Meade County,KS,0.0,Green
Osborne County,KS,0.0,Green
Ness County,KS,0.0,Green
Phillips County,KS,0.0,Green
Pawnee County,KS,0.0,Green
Rice County,KS,0.0,Green
Rawlins County,KS,0.0,Green
Sherman County,KS,0.0,Green
Scott County,KS,0.0,Green
Stanton County,KS,0.0,Green
Stafford County,KS,0.0,Green
Smith County,KS,0.0,Green
Wallace County,KS,0.0,Green
Trego County,KS,0.0,Green
Thomas County,KS,0.0,Green
Wichita County,KS,0.0,Green
Washington County,KS,0.0,Green
Statewide Unallocated,KS,0.0,Green
Barton County,KS,0.6,Green
Butler County,KS,1.1,Yellow
Reno County,KS,1.2,Yellow
Marion County,KS,1.2,Yellow
Sumner County,KS,1.3,Yellow
Linn County,KS,1.5,Yellow
Wilson County,KS,1.7,Yellow
Clay County,KS,1.8,Yellow
Osage County,KS,1.8,Yellow
Anderson County,KS,1.8,Yellow
Cowley County,KS,2.0,Yellow
Ellis County,KS,2.0,Yellow
Wabaunsee County,KS,2.1,Yellow
Ellsworth County,KS,2.3,Yellow
Ottawa County,KS,2.5,Yellow
Stevens County,KS,2.6,Yellow
Norton County,KS,2.7,Yellow
Rooks County,KS,2.9,Yellow
Montgomery County,KS,3.1,Yellow
Harvey County,KS,3.3,Yellow
Lyon County,KS,3.4,Yellow
Haskell County,KS,3.6,Yellow
Franklin County,KS,3.9,Yellow
Russell County,KS,4.2,Yellow
Miami County,KS,4.2,Yellow
Finney County,KS,4.3,Yellow
Leavenworth County,KS,4.4,Yellow
Labette County,KS,4.4,Yellow
Rush County,KS,4.7,Yellow
Lincoln County,KS,4.8,Yellow
Cherokee County,KS,5.0,Yellow
Edwards County,KS,5.1,Yellow
Harper County,KS,5.3,Yellow
Jackson County,KS,5.4,Yellow
Nemaha County,KS,5.6,Yellow
Hamilton County,KS,5.6,Yellow
Shawnee County,KS,5.9,Yellow
Johnson County,KS,6.1,Yellow
Atchison County,KS,6.2,Yellow
Neosho County,KS,6.2,Yellow
Republic County,KS,6.2,Yellow
Crawford County,KS,6.3,Yellow
Saline County,KS,6.6,Yellow
Seward County,KS,6.7,Yellow
Sedgwick County,KS,6.9,Yellow
Douglas County,KS,7.8,Yellow
Riley County,KS,7.9,Yellow
McPherson County,KS,8.0,Yellow
Pottawatomie County,KS,8.8,Yellow
Woodson County,KS,9.1,Yellow
Pratt County,KS,9.4,Yellow
Ford County,KS,10.6,Orange
Bourbon County,KS,10.8,Orange
Sheridan County,KS,11.3,Orange
Cloud County,KS,13.0,Orange
Grant County,KS,14.0,Orange
Geary County,KS,14.9,Orange
Wyandotte County,KS,17.5,Orange
Ballard County,KY,0.0,Green
Bracken County,KY,0.0,Green
Carlisle County,KY,0.0,Green
Clinton County,KY,0.0,Green
Cumberland County,KY,0.0,Green
Elliott County,KY,0.0,Green
Estill County,KY,0.0,Green
Hickman County,KY,0.0,Green
Letcher County,KY,0.0,Green
Lee County,KY,0.0,Green
Larue County,KY,0.0,Green
Lyon County,KY,0.0,Green
Livingston County,KY,0.0,Green
Union County,KY,0.0,Green
Trimble County,KY,0.0,Green
Statewide Unallocated,KY,0.0,Green
Clark County,KY,0.4,Green
Johnson County,KY,0.6,Green
Rowan County,KY,0.6,Green
Breckinridge County,KY,0.7,Green
Mercer County,KY,0.7,Green
McCreary County,KY,0.8,Green
Bullitt County,KY,1.0,Yellow
Boyle County,KY,1.0,Green
Breathitt County,KY,1.1,Yellow
Grant County,KY,1.1,Yellow
Morgan County,KY,1.1,Yellow
Lewis County,KY,1.1,Yellow
Todd County,KY,1.2,Yellow
Magoffin County,KY,1.2,Yellow
Edmonson County,KY,1.2,Yellow
Owen County,KY,1.3,Yellow
Green County,KY,1.3,Yellow
Meade County,KY,1.5,Yellow
Spencer County,KY,1.5,Yellow
Grayson County,KY,1.6,Yellow
Crittenden County,KY,1.6,Yellow
Rockcastle County,KY,1.7,Yellow
Jessamine County,KY,1.8,Yellow
Boyd County,KY,1.8,Yellow
Lawrence County,KY,1.9,Yellow
Anderson County,KY,1.9,Yellow
Floyd County,KY,2.0,Yellow
Greenup County,KY,2.0,Yellow
Trigg County,KY,2.0,Yellow
Oldham County,KY,2.1,Yellow
Wayne County,KY,2.1,Yellow
Henderson County,KY,2.2,Yellow
Marion County,KY,2.2,Yellow
Caldwell County,KY,2.2,Yellow
Boone County,KY,2.2,Yellow
Menifee County,KY,2.2,Yellow
Webster County,KY,2.2,Yellow
Marshall County,KY,2.3,Yellow
Kenton County,KY,2.3,Yellow
Powell County,KY,2.3,Yellow
Hart County,KY,2.3,Yellow
Pulaski County,KY,2.4,Yellow
Madison County,KY,2.5,Yellow
Calloway County,KY,2.6,Yellow
Barren County,KY,2.6,Yellow
Bell County,KY,2.7,Yellow
Harlan County,KY,2.7,Yellow
Henry County,KY,2.7,Yellow
Metcalfe County,KY,2.8,Yellow
McCracken County,KY,2.8,Yellow
Whitley County,KY,2.8,Yellow
Taylor County,KY,2.8,Yellow
Perry County,KY,2.8,Yellow
Lincoln County,KY,2.9,Yellow
Pendleton County,KY,2.9,Yellow
Fleming County,KY,2.9,Yellow
Bourbon County,KY,2.9,Yellow
Leslie County,KY,2.9,Yellow
Ohio County,KY,3.0,Yellow
McLean County,KY,3.1,Yellow
Owsley County,KY,3.2,Yellow
Mason County,KY,3.3,Yellow
Hancock County,KY,3.3,Yellow
Campbell County,KY,3.4,Yellow
Daviess County,KY,3.4,Yellow
Washington County,KY,3.5,Yellow
Nelson County,KY,3.7,Yellow
Carter County,KY,3.7,Yellow
Woodford County,KY,3.7,Yellow
Jefferson County,KY,3.8,Yellow
Martin County,KY,3.8,Yellow
Simpson County,KY,3.8,Yellow
Knott County,KY,3.9,Yellow
Wolfe County,KY,4.0,Yellow
Allen County,KY,4.0,Yellow
Hardin County,KY,4.1,Yellow
Christian County,KY,4.1,Yellow
Scott County,KY,4.3,Yellow
Butler County,KY,4.4,Yellow
Franklin County,KY,4.5,Yellow
Harrison County,KY,4.5,Yellow
Montgomery County,KY,4.6,Yellow
Knox County,KY,4.6,Yellow
Hopkins County,KY,4.8,Yellow
Garrard County,KY,4.9,Yellow
Casey County,KY,5.3,Yellow
Russell County,KY,5.6,Yellow
Pike County,KY,5.7,Yellow
Bath County,KY,5.7,Yellow
Fayette County,KY,5.8,Yellow
Nicholas County,KY,5.9,Yellow
Gallatin County,KY,6.4,Yellow
Muhlenberg County,KY,6.5,Yellow
Monroe County,KY,6.7,Yellow
Carroll County,KY,6.7,Yellow
Robertson County,KY,6.8,Yellow
Fulton County,KY,7.2,Yellow
Logan County,KY,7.4,Yellow
Graves County,KY,7.7,Yellow
Shelby County,KY,7.9,Yellow
Laurel County,KY,9.2,Yellow
Warren County,KY,9.9,Yellow
Jackson County,KY,10.7,Orange
Clay County,KY,10.8,Orange
Adair County,KY,11.2,Orange
Statewide Unallocated,LA,0.0,Green
West Feliciana Parish,LA,4.6,Yellow
Tensas Parish,LA,6.6,Yellow
Red River Parish,LA,6.8,Yellow
Grant Parish,LA,7.7,Yellow
Concordia Parish,LA,8.2,Yellow
Morehouse Parish,LA,8.6,Yellow
East Feliciana Parish,LA,9.7,Yellow
Catahoula Parish,LA,10.5,Orange
Jackson Parish,LA,10.9,Orange
Lincoln Parish,LA,11.6,Orange
St. Bernard Parish,LA,11.8,Orange
Webster Parish,LA,11.9,Orange
La Salle Parish,LA,12.5,Orange
Sabine Parish,LA,12.6,Orange
Orleans Parish,LA,12.7,Orange
Claiborne Parish,LA,12.8,Orange
Plaquemines Parish,LA,12.9,Orange
Caldwell Parish,LA,13.0,Orange
Winn Parish,LA,13.4,Orange
Bienville Parish,LA,14.0,Orange
St. Charles Parish,LA,16.1,Orange
De Soto Parish,LA,17.2,Orange
Natchitoches Parish,LA,17.6,Orange
St. Tammany Parish,LA,17.9,Orange
St. John the Baptist Parish,LA,19.7,Orange
St. Helena Parish,LA,19.7,Orange
Rapides Parish,LA,19.8,Orange
Union Parish,LA,20.0,Orange
Bossier Parish,LA,20.5,Orange
Vernon Parish,LA,20.5,Orange
Ascension Parish,LA,20.9,Orange
Beauregard Parish,LA,21.3,Orange
Jefferson Parish,LA,22.5,Orange
Washington Parish,LA,22.6,Orange
Vermilion Parish,LA,23.3,Orange
Iberville Parish,LA,23.3,Orange
Evangeline Parish,LA,23.5,Orange
Assumption Parish,LA,24.8,Orange
Tangipahoa Parish,LA,25.4,Red
Richland Parish,LA,25.6,Red
Franklin Parish,LA,26.4,Red
Lafourche Parish,LA,27.4,Red
St. Landry Parish,LA,27.5,Red
Avoyelles Parish,LA,27.8,Red
Caddo Parish,LA,29.4,Red
East Baton Rouge Parish,LA,29.6,Red
Terrebonne Parish,LA,31.0,Red
Livingston Parish,LA,31.5,Red
West Baton Rouge Parish,LA,32.9,Red
Allen Parish,LA,33.4,Red
Pointe Coupee Parish,LA,36.2,Red
Cameron Parish,LA,36.9,Red
St. James Parish,LA,37.2,Red
Ouachita Parish,LA,37.3,Red
East Carroll Parish,LA,37.5,Red
St. Mary Parish,LA,38.5,Red
St. Martin Parish,LA,43.6,Red
West Carroll Parish,LA,44.8,Red
Acadia Parish,LA,47.0,Red
Lafayette Parish,LA,48.4,Red
Iberia Parish,LA,54.4,Red
Madison Parish,LA,60.0,Red
Jefferson Davis Parish,LA,60.6,Red
Calcasieu Parish,LA,66.6,Red
Statewide Unallocated,MA,0.0,Green
Berkshire County,MA,0.9,Green
Franklin County,MA,1.4,Yellow
Barnstable County,MA,1.7,Yellow
Plymouth County,MA,1.9,Yellow
Middlesex County,MA,2.1,Yellow
Hampshire County,MA,2.4,Yellow
Norfolk County,MA,2.5,Yellow
Dukes County,MA,2.5,Yellow
Worcester County,MA,3.0,Yellow
Bristol County,MA,3.1,Yellow
Hampden County,MA,3.4,Yellow
Suffolk County,MA,3.4,Yellow
Essex County,MA,3.6,Yellow
Nantucket County,MA,6.3,Yellow
Statewide Unallocated,MD,0.0,Green
Washington County,MD,0.2,Green
Somerset County,MD,1.1,Yellow
Allegany County,MD,1.2,Yellow
Garrett County,MD,1.5,Yellow
Calvert County,MD,1.7,Yellow
Cecil County,MD,2.9,Yellow
Caroline County,MD,3.0,Yellow
Kent County,MD,3.7,Yellow
Worcester County,MD,3.8,Yellow
Wicomico County,MD,3.9,Yellow
St. Mary's County,MD,4.3,Yellow
Carroll County,MD,4.5,Yellow
Frederick County,MD,4.5,Yellow
Harford County,MD,4.7,Yellow
Anne Arundel County,MD,5.1,Yellow
Charles County,MD,5.8,Yellow
Queen Anne's County,MD,6.0,Yellow
Howard County,MD,6.6,Yellow
Montgomery County,MD,7.1,Yellow
Dorchester County,MD,7.2,Yellow
Baltimore County,MD,7.6,Yellow
Talbot County,MD,7.7,Yellow
Prince George's County,MD,9.2,Yellow
Baltimore City,MD,11.6,Orange
Sagadahoc County,ME,0.0,Green
Statewide Unallocated,ME,0.0,Green
Kennebec County,ME,0.2,Green
Aroostook County,ME,0.4,Green
Knox County,ME,0.4,Green
Hancock County,ME,0.5,Green
Washington County,ME,0.5,Green
Franklin County,ME,0.5,Green
Somerset County,ME,0.8,Green
Lincoln County,ME,0.8,Green
Piscataquis County,ME,0.9,Green
Waldo County,ME,1.1,Yellow
Penobscot County,ME,1.2,Yellow
Oxford County,ME,1.7,Yellow
Androscoggin County,ME,2.6,Yellow
York County,ME,3.4,Yellow
Cumberland County,ME,6.2,Yellow
Arenac County,MI,0.0,Green
Cheboygan County,MI,0.0,Green
Gogebic County,MI,0.0,Green
Keweenaw County,MI,0.0,Green
Luce County,MI,0.0,Green
Montmorency County,MI,0.0,Green
Statewide Unallocated,MI,0.0,Green
Tuscola County,MI,0.3,Green
Huron County,MI,0.5,Green
Gladwin County,MI,0.6,Green
Otsego County,MI,0.6,Green
Gratiot County,MI,0.7,Green
Branch County,MI,1.0,Green
Mecosta County,MI,1.0,Green
Presque Isle County,MI,1.1,Yellow
Charlevoix County,MI,1.1,Yellow
Roscommon County,MI,1.2,Yellow
Mackinac County,MI,1.3,Yellow
Iron County,MI,1.3,Yellow
Alcona County,MI,1.4,Yellow
Midland County,MI,1.4,Yellow
Alger County,MI,1.6,Yellow
Dickinson County,MI,1.7,Yellow
Baraga County,MI,1.7,Yellow
Clare County,MI,1.8,Yellow
Marquette County,MI,1.9,Yellow
Hillsdale County,MI,1.9,Yellow
Shiawassee County,MI,1.9,Yellow
Van Buren County,MI,1.9,Yellow
Crawford County,MI,2.0,Yellow
Sanilac County,MI,2.1,Yellow
Livingston County,MI,2.1,Yellow
Ionia County,MI,2.2,Yellow
Delta County,MI,2.4,Yellow
Benzie County,MI,2.4,Yellow
Alpena County,MI,2.5,Yellow
Kalamazoo County,MI,2.5,Yellow
Bay County,MI,2.5,Yellow
Ontonagon County,MI,2.5,Yellow
Lapeer County,MI,2.6,Yellow
Jackson County,MI,2.6,Yellow
Isabella County,MI,2.7,Yellow
Monroe County,MI,2.8,Yellow
Eaton County,MI,2.9,Yellow
Grand Traverse County,MI,3.1,Yellow
Chippewa County,MI,3.1,Yellow
Antrim County,MI,3.1,Yellow
Houghton County,MI,3.2,Yellow
Allegan County,MI,3.3,Yellow
Iosco County,MI,3.4,Yellow
St. Clair County,MI,3.4,Yellow
Emmet County,MI,3.4,Yellow
Calhoun County,MI,3.5,Yellow
Schoolcraft County,MI,3.5,Yellow
Washtenaw County,MI,3.5,Yellow
Oakland County,MI,3.6,Yellow
Menominee County,MI,3.8,Yellow
Macomb County,MI,4.0,Yellow
Lenawee County,MI,4.1,Yellow
Ogemaw County,MI,4.1,Yellow
Barry County,MI,4.2,Yellow
Muskegon County,MI,4.2,Yellow
Genesee County,MI,4.4,Yellow
Saginaw County,MI,4.5,Yellow
Wayne County,MI,4.6,Yellow
Missaukee County,MI,4.7,Yellow
Osceola County,MI,4.9,Yellow
Ingham County,MI,4.9,Yellow
Montcalm County,MI,4.9,Yellow
Newaygo County,MI,5.0,Yellow
Manistee County,MI,5.2,Yellow
Berrien County,MI,5.3,Yellow
Kalkaska County,MI,5.5,Yellow
Ottawa County,MI,5.7,Yellow
Clinton County,MI,5.9,Yellow
Lake County,MI,6.0,Yellow
Leelanau County,MI,6.6,Yellow
Cass County,MI,7.7,Yellow
Mason County,MI,7.8,Yellow
Oscoda County,MI,8.7,Yellow
Kent County,MI,9.1,Yellow
Wexford County,MI,9.8,Yellow
St. Joseph County,MI,14.1,Orange
Oceana County,MI,44.3,Red
Big Stone County,MN,0.0,Green
Clearwater County,MN,0.0,Green
Cook County,MN,0.0,Green
Itasca County,MN,0.0,Green
Kittson County,MN,0.0,Green
Lake of the Woods County,MN,0.0,Green
Lake County,MN,0.0,Green
Lac Qui Parle County,MN,0.0,Green
Marshall County,MN,0.0,Green
Pope County,MN,0.0,Green
Red Lake County,MN,0.0,Green
Wadena County,MN,0.0,Green
Wilkin County,MN,0.0,Green
Statewide Unallocated,MN,0.0,Green
Hubbard County,MN,0.7,Green
Becker County,MN,0.8,Green
Polk County,MN,0.9,Green
Morrison County,MN,0.9,Green
Kanabec County,MN,0.9,Green
Crow Wing County,MN,0.9,Green
Beltrami County,MN,0.9,Green
Pennington County,MN,1.0,Yellow
Mille Lacs County,MN,1.1,Yellow
Otter Tail County,MN,1.2,Yellow
Cass County,MN,1.4,Yellow
Chisago County,MN,1.5,Yellow
Swift County,MN,1.5,Yellow
Jackson County,MN,1.5,Yellow
Stevens County,MN,1.5,Yellow
St. Louis County,MN,1.6,Yellow
Brown County,MN,1.7,Yellow
Aitkin County,MN,1.8,Yellow
Pine County,MN,1.9,Yellow
Wabasha County,MN,2.0,Yellow
Norman County,MN,2.2,Yellow
Douglas County,MN,2.2,Yellow
Todd County,MN,2.3,Yellow
Benton County,MN,2.4,Yellow
Carlton County,MN,2.4,Yellow
Meeker County,MN,2.5,Yellow
Kandiyohi County,MN,2.6,Yellow
Mahnomen County,MN,2.6,Yellow
Rock County,MN,3.1,Yellow
Houston County,MN,3.1,Yellow
Sherburne County,MN,3.1,Yellow
Fillmore County,MN,3.4,Yellow
Winona County,MN,3.4,Yellow
Koochiching County,MN,3.5,Yellow
Redwood County,MN,3.8,Yellow
Wright County,MN,4.0,Yellow
Goodhue County,MN,4.0,Yellow
Isanti County,MN,4.2,Yellow
Yellow Medicine County,MN,4.4,Yellow
Traverse County,MN,4.4,Yellow
McLeod County,MN,4.8,Yellow
Dodge County,MN,4.8,Yellow
Washington County,MN,5.3,Yellow
Freeborn County,MN,5.7,Yellow
Carver County,MN,5.8,Yellow
Anoka County,MN,5.9,Yellow
Chippewa County,MN,6.1,Yellow
Ramsey County,MN,6.4,Yellow
Cottonwood County,MN,6.4,Yellow
Dakota County,MN,6.6,Yellow
Clay County,MN,6.7,Yellow
Steele County,MN,7.4,Yellow
Scott County,MN,7.5,Yellow
Lincoln County,MN,7.6,Yellow
Faribault County,MN,8.4,Yellow
Hennepin County,MN,8.7,Yellow
Olmsted County,MN,9.4,Yellow
Roseau County,MN,9.4,Yellow
Waseca County,MN,10.0,Yellow
Lyon County,MN,10.1,Orange
Martin County,MN,10.2,Orange
Rice County,MN,10.5,Orange
Sibley County,MN,10.6,Orange
Renville County,MN,10.8,Orange
Le Sueur County,MN,11.4,Orange
Grant County,MN,12.0,Orange
Nobles County,MN,12.5,Orange
Stearns County,MN,14.3,Orange
Mower County,MN,14.6,Orange
Nicollet County,MN,15.8,Orange
Blue Earth County,MN,21.5,Orange
Murray County,MN,24.4,Orange
Watonwan County,MN,36.7,Red
Pipestone County,MN,37.6,Red
Bates County,MO,0.0,Green
Chariton County,MO,0.0,Green
Carter County,MO,0.0,Green
Clark County,MO,0.0,Green
Dade County,MO,0.0,Green
Iron County,MO,0.0,Green
Howard County,MO,0.0,Green
Holt County,MO,0.0,Green
Hickory County,MO,0.0,Green
Knox County,MO,0.0,Green
Monroe County,MO,0.0,Green
Mercer County,MO,0.0,Green
Pike County,MO,0.0,Green
Reynolds County,MO,0.0,Green
Randolph County,MO,0.0,Green
Scotland County,MO,0.0,Green
Schuyler County,MO,0.0,Green
St. Clair County,MO,0.0,Green
Worth County,MO,0.0,Green
Statewide Unallocated,MO,0.0,Green
Lincoln County,MO,0.5,Green
Audrain County,MO,0.6,Green
Henry County,MO,0.7,Green
Dent County,MO,0.9,Green
Macon County,MO,0.9,Green
Polk County,MO,0.9,Green
Pemiscot County,MO,0.9,Green
Gasconade County,MO,1.0,Green
Wayne County,MO,1.1,Yellow
Christian County,MO,1.1,Yellow
Ray County,MO,1.2,Yellow
Saline County,MO,1.3,Yellow
Oregon County,MO,1.4,Yellow
Ralls County,MO,1.4,Yellow
Lewis County,MO,1.5,Yellow
Benton County,MO,1.5,Yellow
Ozark County,MO,1.6,Yellow
Daviess County,MO,1.7,Yellow
Texas County,MO,1.7,Yellow
Adair County,MO,1.7,Yellow
Dallas County,MO,1.7,Yellow
Franklin County,MO,1.8,Yellow
Cedar County,MO,2.0,Yellow
Osage County,MO,2.1,Yellow
Cole County,MO,2.2,Yellow
Ripley County,MO,2.2,Yellow
Pulaski County,MO,2.2,Yellow
Gentry County,MO,2.2,Yellow
Platte County,MO,2.2,Yellow
Washington County,MO,2.3,Yellow
Bollinger County,MO,2.4,Yellow
Ste. Genevieve County,MO,2.4,Yellow
Shelby County,MO,2.4,Yellow
Lafayette County,MO,2.6,Yellow
Grundy County,MO,2.9,Yellow
Putnam County,MO,3.0,Yellow
St. Francois County,MO,3.0,Yellow
Greene County,MO,3.1,Yellow
Camden County,MO,3.1,Yellow
Howell County,MO,3.2,Yellow
Warren County,MO,3.2,Yellow
Maries County,MO,3.3,Yellow
Douglas County,MO,3.3,Yellow
Mississippi County,MO,3.3,Yellow
DeKalb County,MO,3.4,Yellow
Madison County,MO,3.5,Yellow
Jefferson County,MO,3.6,Yellow
Stone County,MO,3.6,Yellow
Crawford County,MO,3.6,Yellow
Linn County,MO,3.6,Yellow
Nodaway County,MO,3.9,Yellow
Miller County,MO,3.9,Yellow
Stoddard County,MO,3.9,Yellow
St. Charles County,MO,4.0,Yellow
Cass County,MO,4.2,Yellow
Clinton County,MO,4.2,Yellow
Callaway County,MO,4.2,Yellow
Morgan County,MO,4.2,Yellow
Livingston County,MO,4.7,Yellow
Andrew County,MO,4.8,Yellow
Cooper County,MO,4.8,Yellow
Clay County,MO,4.9,Yellow
Montgomery County,MO,4.9,Yellow
Marion County,MO,5.0,Yellow
New Madrid County,MO,5.0,Yellow
Webster County,MO,5.4,Yellow
Atchison County,MO,5.6,Yellow
Lawrence County,MO,5.6,Yellow
Laclede County,MO,6.0,Yellow
Pettis County,MO,6.1,Yellow
Caldwell County,MO,6.3,Yellow
Harrison County,MO,6.8,Yellow
Moniteau County,MO,7.1,Yellow
Boone County,MO,7.2,Yellow
Barton County,MO,7.3,Yellow
Scott County,MO,7.5,Yellow
Buchanan County,MO,7.5,Yellow
Vernon County,MO,7.6,Yellow
St. Louis County,MO,7.8,Yellow
Phelps County,MO,8.0,Yellow
Carroll County,MO,8.2,Yellow
Dunklin County,MO,8.8,Yellow
Taney County,MO,9.2,Yellow
Wright County,MO,9.4,Yellow
City of St. Louis,MO,10.3,Orange
Barry County,MO,10.8,Orange
Butler County,MO,11.1,Orange
Cape Girardeau County,MO,12.5,Orange
Johnson County,MO,13.2,Orange
Jackson County (including other portions of Kansas City),MO,13.4,Orange
Sullivan County,MO,16.4,Orange
Perry County,MO,20.9,Orange
Shannon County,MO,21.0,Orange
Newton County,MO,29.2,Red
Jasper County,MO,36.1,Red
McDonald County,MO,71.3,Red
Statewide Unallocated,MS,0.0,Green
Hancock County,MS,3.6,Yellow
Pearl River County,MS,4.6,Yellow
Choctaw County,MS,5.2,Yellow
Alcorn County,MS,6.2,Yellow
Webster County,MS,7.4,Yellow
Newton County,MS,7.5,Yellow
Lauderdale County,MS,7.7,Yellow
Wilkinson County,MS,8.3,Yellow
Tippah County,MS,9.1,Yellow
Prentiss County,MS,9.7,Yellow
Clarke County,MS,10.1,Orange
Attala County,MS,11.0,Orange
Clay County,MS,11.1,Orange
Kemper County,MS,11.7,Orange
Perry County,MS,11.9,Orange
Itawamba County,MS,12.2,Orange
Lowndes County,MS,12.7,Orange
Amite County,MS,12.8,Orange
Jefferson Davis County,MS,12.8,Orange
Stone County,MS,13.2,Orange
George County,MS,13.4,Orange
Smith County,MS,13.5,Orange
Jackson County,MS,14.6,Orange
Tishomingo County,MS,14.7,Orange
Rankin County,MS,14.8,Orange
Coahoma County,MS,14.9,Orange
Lee County,MS,15.9,Orange
Lincoln County,MS,15.9,Orange
Lamar County,MS,16.7,Orange
Leflore County,MS,16.7,Orange
Forrest County,MS,17.5,Orange
Lafayette County,MS,18.0,Orange
Harrison County,MS,18.5,Orange
Marshall County,MS,19.0,Orange
Benton County,MS,19.0,Orange
Calhoun County,MS,19.9,Orange
Jones County,MS,20.3,Orange
Franklin County,MS,20.4,Orange
Madison County,MS,20.8,Orange
Oktibbeha County,MS,21.6,Orange
Union County,MS,22.8,Orange
Scott County,MS,22.9,Orange
Greene County,MS,23.1,Orange
Jasper County,MS,24.4,Orange
Winston County,MS,24.7,Orange
Tate County,MS,24.7,Orange
Monroe County,MS,24.7,Orange
Yalobusha County,MS,26.0,Red
Tunica County,MS,26.7,Red
Neshoba County,MS,27.0,Red
Carroll County,MS,27.3,Red
Quitman County,MS,27.3,Red
Adams County,MS,27.5,Red
Leake County,MS,28.2,Red
DeSoto County,MS,28.6,Red
Montgomery County,MS,30.7,Red
Yazoo County,MS,30.8,Red
Marion County,MS,30.8,Red
Issaquena County,MS,32.3,Red
Wayne County,MS,32.6,Red
Copiah County,MS,32.6,Red
Walthall County,MS,33.0,Red
Hinds County,MS,33.3,Red
Chickasaw County,MS,35.1,Red
Lawrence County,MS,35.2,Red
Pike County,MS,35.3,Red
Warren County,MS,36.8,Red
Pontotoc County,MS,37.3,Red
Holmes County,MS,38.6,Red
Noxubee County,MS,39.8,Red
Bolivar County,MS,40.6,Red
Tallahatchie County,MS,44.5,Red
Panola County,MS,46.0,Red
Sharkey County,MS,46.3,Red
Washington County,MS,53.7,Red
Jefferson County,MS,55.2,Red
Simpson County,MS,63.8,Red
Humphreys County,MS,63.8,Red
Covington County,MS,67.5,Red
Sunflower County,MS,76.2,Red
Claiborne County,MS,98.5,Red
Grenada County,MS,128.7,Red
Broadwater County,MT,0.0,Green
Blaine County,MT,0.0,Green
Carter County,MT,0.0,Green
Chouteau County,MT,0.0,Green
Daniels County,MT,0.0,Green
Garfield County,MT,0.0,Green
Fallon County,MT,0.0,Green
Golden Valley County,MT,0.0,Green
Judith Basin County,MT,0.0,Green
Liberty County,MT,0.0,Green
McCone County,MT,0.0,Green
Mineral County,MT,0.0,Green
Musselshell County,MT,0.0,Green
Pondera County,MT,0.0,Green
Phillips County,MT,0.0,Green
Petroleum County,MT,0.0,Green
Prairie County,MT,0.0,Green
Powell County,MT,0.0,Green
Powder River County,MT,0.0,Green
Sanders County,MT,0.0,Green
Roosevelt County,MT,0.0,Green
Sweet Grass County,MT,0.0,Green
Treasure County,MT,0.0,Green
Toole County,MT,0.0,Green
Wibaux County,MT,0.0,Green
Wheatland County,MT,0.0,Green
Statewide Unallocated,MT,0.0,Green
Hill County,MT,0.9,Green
Cascade County,MT,1.2,Yellow
Jefferson County,MT,1.2,Yellow
Fergus County,MT,1.3,Yellow
Lincoln County,MT,1.4,Yellow
Lewis and Clark County,MT,1.4,Yellow
Beaverhead County,MT,1.5,Yellow
Flathead County,MT,1.5,Yellow
Rosebud County,MT,1.6,Yellow
Deer Lodge County,MT,1.6,Yellow
Dawson County,MT,1.7,Yellow
Silver Bow County,MT,2.0,Yellow
Lake County,MT,2.3,Yellow
Stillwater County,MT,3.0,Yellow
Ravalli County,MT,3.3,Yellow
Park County,MT,3.4,Yellow
Sheridan County,MT,4.3,Yellow
Missoula County,MT,4.9,Yellow
Valley County,MT,5.8,Yellow
Custer County,MT,6.3,Yellow
Gallatin County,MT,7.4,Yellow
Meagher County,MT,7.7,Yellow
Granite County,MT,8.5,Yellow
Yellowstone County,MT,9.7,Yellow
Carbon County,MT,12.0,Orange
Madison County,MT,15.0,Orange
Richland County,MT,15.9,Orange
Glacier County,MT,16.6,Orange
Big Horn County,MT,18.2,Orange
Teton County,MT,23.2,Orange
Gates County,NC,0.0,Green
Statewide Unallocated,NC,0.0,Green
Currituck County,NC,1.0,Yellow
Perquimans County,NC,1.1,Yellow
Jones County,NC,1.5,Yellow
Graham County,NC,1.7,Yellow
Haywood County,NC,2.3,Yellow
Ashe County,NC,2.6,Yellow
Madison County,NC,2.6,Yellow
Chowan County,NC,3.1,Yellow
Transylvania County,NC,3.7,Yellow
Washington County,NC,3.7,Yellow
Clay County,NC,3.8,Yellow
Wilkes County,NC,4.0,Yellow
Lenoir County,NC,4.3,Yellow
Stokes County,NC,4.4,Yellow
Person County,NC,4.7,Yellow
Yancey County,NC,4.7,Yellow
Polk County,NC,4.8,Yellow
Macon County,NC,4.8,Yellow
Avery County,NC,4.9,Yellow
Cherokee County,NC,5.5,Yellow
Craven County,NC,5.9,Yellow
Carteret County,NC,6.0,Yellow
Hertford County,NC,6.0,Yellow
Pasquotank County,NC,6.1,Yellow
Scotland County,NC,6.2,Yellow
Onslow County,NC,6.3,Yellow
Rockingham County,NC,6.7,Yellow
Pamlico County,NC,6.7,Yellow
Edgecombe County,NC,6.9,Yellow
Buncombe County,NC,7.0,Yellow
Watauga County,NC,7.1,Yellow
Halifax County,NC,7.1,Yellow
Yadkin County,NC,7.2,Yellow
Northampton County,NC,7.3,Yellow
Greene County,NC,7.5,Yellow
Bertie County,NC,7.5,Yellow
Caswell County,NC,7.6,Yellow
Alleghany County,NC,7.7,Yellow
Swain County,NC,8.0,Yellow
Beaufort County,NC,8.2,Yellow
Vance County,NC,8.7,Yellow
Warren County,NC,8.7,Yellow
Harnett County,NC,8.7,Yellow
Davie County,NC,9.0,Yellow
Cumberland County,NC,9.1,Yellow
Camden County,NC,9.2,Yellow
Guilford County,NC,9.3,Yellow
Lincoln County,NC,10.0,Yellow
Franklin County,NC,10.0,Orange
Surry County,NC,10.3,Orange
Chatham County,NC,10.4,Orange
Rutherford County,NC,10.4,Orange
Columbus County,NC,11.1,Orange
Dare County,NC,11.2,Orange
Pitt County,NC,11.4,Orange
Hoke County,NC,11.9,Orange
Iredell County,NC,12.5,Orange
Davidson County,NC,12.5,Orange
Moore County,NC,12.9,Orange
Alexander County,NC,13.0,Orange
Forsyth County,NC,13.3,Orange
Nash County,NC,13.3,Orange
Granville County,NC,13.7,Orange
Jackson County,NC,13.7,Orange
Anson County,NC,14.0,Orange
McDowell County,NC,14.0,Orange
Burke County,NC,14.1,Orange
Pender County,NC,14.3,Orange
Cleveland County,NC,14.3,Orange
Mitchell County,NC,14.3,Orange
Wilson County,NC,14.3,Orange
Randolph County,NC,14.5,Orange
Martin County,NC,14.6,Orange
Rowan County,NC,14.7,Orange
Wake County,NC,15.0,Orange
Richmond County,NC,15.0,Orange
Wayne County,NC,15.1,Orange
Alamance County,NC,15.7,Orange
Henderson County,NC,16.3,Orange
Lee County,NC,16.4,Orange
Brunswick County,NC,16.7,Orange
Orange County,NC,17.1,Orange
Robeson County,NC,17.2,Orange
Tyrrell County,NC,17.8,Orange
Union County,NC,17.9,Orange
Bladen County,NC,18.3,Orange
Cabarrus County,NC,18.4,Orange
Caldwell County,NC,18.4,Orange
Sampson County,NC,18.4,Orange
New Hanover County,NC,18.8,Orange
Catawba County,NC,19.9,Orange
Hyde County,NC,20.3,Orange
Gaston County,NC,20.4,Orange
Durham County,NC,20.8,Orange
Johnston County,NC,22.0,Orange
Montgomery County,NC,23.7,Orange
Stanly County,NC,24.8,Orange
Mecklenburg County,NC,28.5,Red
Duplin County,NC,29.9,Red
Adams County,ND,0.0,Green
Bowman County,ND,0.0,Green
Bottineau County,ND,0.0,Green
Billings County,ND,0.0,Green
Emmons County,ND,0.0,Green
Eddy County,ND,0.0,Green
Divide County,ND,0.0,Green
Dickey County,ND,0.0,Green
Foster County,ND,0.0,Green
Grant County,ND,0.0,Green
Golden Valley County,ND,0.0,Green
Hettinger County,ND,0.0,Green
Griggs County,ND,0.0,Green
Kidder County,ND,0.0,Green
LaMoure County,ND,0.0,Green
McKenzie County,ND,0.0,Green
McIntosh County,ND,0.0,Green
Logan County,ND,0.0,Green
McLean County,ND,0.0,Green
Nelson County,ND,0.0,Green
Renville County,ND,0.0,Green
Sheridan County,ND,0.0,Green
Sargent County,ND,0.0,Green
Slope County,ND,0.0,Green
Towner County,ND,0.0,Green
Statewide Unallocated,ND,0.0,Green
Stutsman County,ND,0.7,Green
Rolette County,ND,1.0,Yellow
Ward County,ND,1.3,Yellow
Mercer County,ND,1.7,Yellow
Richland County,ND,1.8,Yellow
Benson County,ND,2.1,Yellow
Pembina County,ND,2.1,Yellow
Ramsey County,ND,2.5,Yellow
Ransom County,ND,2.7,Yellow
Barnes County,ND,2.7,Yellow
Stark County,ND,3.2,Yellow
Pierce County,ND,3.6,Yellow
Wells County,ND,3.7,Yellow
Grand Forks County,ND,3.9,Yellow
Williams County,ND,4.2,Yellow
McHenry County,ND,5.0,Yellow
Dunn County,ND,6.5,Yellow
Burke County,ND,6.8,Yellow
Traill County,ND,7.1,Yellow
Oliver County,ND,7.3,Yellow
Cavalier County,ND,7.6,Yellow
Steele County,ND,7.6,Yellow
Walsh County,ND,8.1,Yellow
Cass County,ND,9.9,Yellow
Morton County,ND,11.4,Orange
Burleigh County,ND,12.1,Orange
Mountrail County,ND,12.2,Orange
Sioux County,ND,13.5,Orange
Arthur County,NE,0.0,Green
Antelope County,NE,0.0,Green
Boyd County,NE,0.0,Green
Box Butte County,NE,0.0,Green
Boone County,NE,0.0,Green
Blaine County,NE,0.0,Green
Chase County,NE,0.0,Green
Butler County,NE,0.0,Green
Brown County,NE,0.0,Green
Clay County,NE,0.0,Green
Deuel County,NE,0.0,Green
Custer County,NE,0.0,Green
Dundy County,NE,0.0,Green
Garfield County,NE,0.0,Green
Garden County,NE,0.0,Green
Furnas County,NE,0.0,Green
Frontier County,NE,0.0,Green
Greeley County,NE,0.0,Green
Grant County,NE,0.0,Green
Gosper County,NE,0.0,Green
Hayes County,NE,0.0,Green
Harlan County,NE,0.0,Green
Howard County,NE,0.0,Green
Holt County,NE,0.0,Green
Hitchcock County,NE,0.0,Green
Keya Paha County,NE,0.0,Green
Loup County,NE,0.0,Green
Logan County,NE,0.0,Green
McPherson County,NE,0.0,Green
Nance County,NE,0.0,Green
Pawnee County,NE,0.0,Green
Richardson County,NE,0.0,Green
Sherman County,NE,0.0,Green
Thayer County,NE,0.0,Green
Stanton County,NE,0.0,Green
Sioux County,NE,0.0,Green
Valley County,NE,0.0,Green
Thomas County,NE,0.0,Green
Wheeler County,NE,0.0,Green
Wayne County,NE,0.0,Green
Statewide Unallocated,NE,0.0,Green
Lincoln County,NE,1.2,Yellow
Cheyenne County,NE,1.6,Yellow
Cuming County,NE,1.6,Yellow
Merrick County,NE,1.8,Yellow
Keith County,NE,1.8,Yellow
Nemaha County,NE,2.0,Yellow
Pierce County,NE,2.0,Yellow
Jefferson County,NE,2.0,Yellow
Burt County,NE,2.2,Yellow
Dawson County,NE,2.4,Yellow
Cherry County,NE,2.5,Yellow
Fillmore County,NE,2.6,Yellow
Polk County,NE,2.7,Yellow
Red Willow County,NE,2.7,Yellow
Johnson County,NE,2.8,Yellow
Washington County,NE,2.8,Yellow
Buffalo County,NE,3.2,Yellow
Saunders County,NE,3.3,Yellow
Cass County,NE,3.3,Yellow
Nuckolls County,NE,3.4,Yellow
Hall County,NE,3.5,Yellow
Platte County,NE,3.8,Yellow
Webster County,NE,4.1,Yellow
York County,NE,4.2,Yellow
Gage County,NE,4.6,Yellow
Franklin County,NE,4.8,Yellow
Madison County,NE,4.9,Yellow
Perkins County,NE,4.9,Yellow
Seward County,NE,5.0,Yellow
Dawes County,NE,5.0,Yellow
Adams County,NE,5.0,Yellow
Dodge County,NE,5.1,Yellow
Colfax County,NE,5.3,Yellow
Scotts Bluff County,NE,6.0,Yellow
Otoe County,NE,6.2,Yellow
Phelps County,NE,6.3,Yellow
Kearney County,NE,6.6,Yellow
Cedar County,NE,6.8,Yellow
Knox County,NE,6.9,Yellow
Lancaster County,NE,6.9,Yellow
Saline County,NE,7.0,Yellow
Kimball County,NE,7.9,Yellow
Sarpy County,NE,8.7,Yellow
Hamilton County,NE,9.2,Yellow
Dakota County,NE,10.0,Yellow
Dixon County,NE,10.1,Orange
Rock County,NE,10.5,Orange
Douglas County,NE,12.4,Orange
Sheridan County,NE,16.3,Orange
Banner County,NE,19.2,Orange
Hooker County,NE,20.9,Orange
Morrill County,NE,64.6,Red
Thurston County,NE,87.0,Red
Statewide Unallocated,NH,0.0,Green
Belknap County,NH,0.2,Green
Strafford County,NH,0.4,Green
Coos County,NH,0.5,Green
Grafton County,NH,0.6,Green
Merrimack County,NH,1.0,Yellow
Rockingham County,NH,1.1,Yellow
Cheshire County,NH,1.1,Yellow
Sullivan County,NH,1.3,Yellow
Carroll County,NH,1.8,Yellow
Hillsborough County,NH,3.0,Yellow
Statewide Unallocated,NJ,0.0,Green
Cape May County,NJ,0.6,Green
Hunterdon County,NJ,1.6,Yellow
Sussex County,NJ,2.0,Yellow
Union County,NJ,2.2,Yellow
Morris County,NJ,2.3,Yellow
Passaic County,NJ,2.5,Yellow
Middlesex County,NJ,2.6,Yellow
Hudson County,NJ,3.0,Yellow
Essex County,NJ,3.1,Yellow
Ocean County,NJ,3.2,Yellow
Warren County,NJ,3.4,Yellow
Somerset County,NJ,3.5,Yellow
Burlington County,NJ,4.0,Yellow
Bergen County,NJ,4.2,Yellow
Gloucester County,NJ,4.3,Yellow
Mercer County,NJ,4.4,Yellow
Monmouth County,NJ,4.6,Yellow
Atlantic County,NJ,5.3,Yellow
Camden County,NJ,5.5,Yellow
Cumberland County,NJ,7.2,Yellow
Salem County,NJ,10.5,Orange
Catron County,NM,0.0,Green
Colfax County,NM,0.0,Green
De Baca County,NM,0.0,Green
Harding County,NM,0.0,Green
Guadalupe County,NM,0.0,Green
Los Alamos County,NM,0.0,Green
Mora County,NM,0.0,Green
Quay County,NM,0.0,Green
Statewide Unallocated,NM,0.0,Green
San Miguel County,NM,0.5,Green
Socorro County,NM,0.9,Green
Lincoln County,NM,1.5,Yellow
Grant County,NM,3.2,Yellow
Union County,NM,3.5,Yellow
Taos County,NM,3.5,Yellow
Santa Fe County,NM,3.7,Yellow
Sierra County,NM,4.0,Yellow
Otero County,NM,4.2,Yellow
Sandoval County,NM,4.4,Yellow
Rio Arriba County,NM,4.8,Yellow
Torrance County,NM,5.5,Yellow
Valencia County,NM,7.6,Yellow
Chaves County,NM,8.2,Yellow
Eddy County,NM,8.3,Yellow
Bernalillo County,NM,8.6,Yellow
Roosevelt County,NM,10.8,Orange
Cibola County,NM,11.8,Orange
Curry County,NM,14.9,Orange
Dona Ana County,NM,15.3,Orange
Lea County,NM,16.3,Orange
Luna County,NM,16.9,Orange
San Juan County,NM,17.3,Orange
McKinley County,NM,33.2,Red
Hidalgo County,NM,44.2,Red
Esmeralda County,NV,0.0,Green
Eureka County,NV,0.0,Green
Lincoln County,NV,0.0,Green
Storey County,NV,0.0,Green
Statewide Unallocated,NV,0.0,Green
Humboldt County,NV,1.7,Yellow
Douglas County,NV,2.6,Yellow
Mineral County,NV,3.2,Yellow
Lyon County,NV,4.2,Yellow
White Pine County,NV,4.5,Yellow
Churchill County,NV,4.6,Yellow
Pershing County,NV,6.4,Yellow
Carson City,NV,7.2,Yellow
Lander County,NV,7.7,Yellow
Elko County,NV,8.9,Yellow
Nye County,NV,9.5,Yellow
Washoe County,NV,17.9,Orange
Clark County,NV,28.6,Red
Delaware County,NY,0.0,Green
Hamilton County,NY,0.0,Green
Washington County,NY,0.0,Green
New York City Unallocated,NY,0.0,Green
Statewide Unallocated,NY,0.0,Green
Genesee County,NY,0.2,Green
Montgomery County,NY,0.3,Green
Tompkins County,NY,0.4,Green
Orleans County,NY,0.4,Green
Clinton County,NY,0.4,Green
Otsego County,NY,0.5,Green
Schoharie County,NY,0.5,Green
Steuben County,NY,0.6,Green
Wyoming County,NY,0.7,Green
Cattaraugus County,NY,0.8,Green
St. Lawrence County,NY,0.8,Green
Schuyler County,NY,0.8,Green
Seneca County,NY,0.8,Green
Livingston County,NY,0.9,Green
Sullivan County,NY,0.9,Green
Greene County,NY,0.9,Green
Chautauqua County,NY,1.0,Yellow
Chemung County,NY,1.0,Yellow
Franklin County,NY,1.1,Yellow
Lewis County,NY,1.1,Yellow
Saratoga County,NY,1.1,Yellow
Allegany County,NY,1.2,Yellow
Jefferson County,NY,1.2,Yellow
Tioga County,NY,1.2,Yellow
Chenango County,NY,1.2,Yellow
Warren County,NY,1.3,Yellow
Oswego County,NY,1.3,Yellow
Rensselaer County,NY,1.3,Yellow
Cayuga County,NY,1.3,Yellow
Cortland County,NY,1.5,Yellow
Fulton County,NY,1.6,Yellow
Yates County,NY,1.7,Yellow
Putnam County,NY,1.9,Yellow
Madison County,NY,2.2,Yellow
Dutchess County,NY,2.2,Yellow
Orange County,NY,2.3,Yellow
Essex County,NY,2.3,Yellow
Albany County,NY,2.6,Yellow
Nassau County,NY,2.9,Yellow
Columbia County,NY,2.9,Yellow
Ontario County,NY,3.1,Yellow
Rockland County,NY,3.2,Yellow
Suffolk County,NY,3.3,Yellow
Herkimer County,NY,3.5,Yellow
Kings County,NY,3.6,Yellow
New York County,NY,3.7,Yellow
Broome County,NY,3.7,Yellow
Wayne County,NY,3.7,Yellow
Queens County,NY,3.8,Yellow
Erie County,NY,3.8,Yellow
Schenectady County,NY,3.9,Yellow
Richmond County,NY,3.9,Yellow
Westchester County,NY,3.9,Yellow
Niagara County,NY,4.0,Yellow
Onondaga County,NY,4.1,Yellow
Bronx County,NY,4.3,Yellow
Ulster County,NY,4.5,Yellow
Monroe County,NY,5.1,Yellow
Oneida County,NY,9.7,Yellow
Harrison County,OH,0.0,Green
Vinton County,OH,0.0,Green
Statewide Unallocated,OH,0.0,Green
Fayette County,OH,0.5,Green
Seneca County,OH,0.5,Green
Meigs County,OH,0.6,Green
Wyandot County,OH,0.7,Green
Scioto County,OH,0.8,Green
Paulding County,OH,0.8,Green
Hocking County,OH,1.0,Yellow
Adams County,OH,1.0,Yellow
Highland County,OH,1.0,Green
Champaign County,OH,1.1,Yellow
Henry County,OH,1.1,Yellow
Morrow County,OH,1.2,Yellow
Brown County,OH,1.3,Yellow
Fulton County,OH,1.4,Yellow
Wayne County,OH,1.5,Yellow
Pike County,OH,1.5,Yellow
Crawford County,OH,1.7,Yellow
Muskingum County,OH,1.7,Yellow
Hancock County,OH,1.7,Yellow
Union County,OH,1.9,Yellow
Defiance County,OH,1.9,Yellow
Logan County,OH,1.9,Yellow
Noble County,OH,2.0,Yellow
Washington County,OH,2.4,Yellow
Jefferson County,OH,2.4,Yellow
Marion County,OH,2.4,Yellow
Auglaize County,OH,2.5,Yellow
Lawrence County,OH,2.6,Yellow
Ashtabula County,OH,2.6,Yellow
Jackson County,OH,2.6,Yellow
Clinton County,OH,2.7,Yellow
Williams County,OH,2.7,Yellow
Portage County,OH,2.9,Yellow
Knox County,OH,3.0,Yellow
Perry County,OH,3.2,Yellow
Richland County,OH,3.2,Yellow
Gallia County,OH,3.3,Yellow
Erie County,OH,3.3,Yellow
Stark County,OH,3.5,Yellow
Geauga County,OH,3.5,Yellow
Madison County,OH,3.5,Yellow
Shelby County,OH,3.5,Yellow
Ashland County,OH,3.5,Yellow
Morgan County,OH,3.9,Yellow
Clark County,OH,4.0,Yellow
Medina County,OH,4.1,Yellow
Monroe County,OH,4.2,Yellow
Darke County,OH,4.2,Yellow
Guernsey County,OH,4.4,Yellow
Lorain County,OH,4.4,Yellow
Ross County,OH,4.5,Yellow
Sandusky County,OH,4.6,Yellow
Greene County,OH,4.8,Yellow
Preble County,OH,4.9,Yellow
Belmont County,OH,4.9,Yellow
Clermont County,OH,5.1,Yellow
Miami County,OH,5.1,Yellow
Lake County,OH,5.1,Yellow
Lucas County,OH,5.2,Yellow
Mercer County,OH,5.2,Yellow
Hardin County,OH,5.5,Yellow
Ottawa County,OH,5.6,Yellow
Athens County,OH,5.7,Yellow
Carroll County,OH,5.8,Yellow
Summit County,OH,6.2,Yellow
Wood County,OH,6.3,Yellow
Allen County,OH,6.4,Yellow
Pickaway County,OH,6.6,Yellow
Delaware County,OH,6.6,Yellow
Mahoning County,OH,6.6,Yellow
Van Wert County,OH,6.6,Yellow
Putnam County,OH,6.8,Yellow
Warren County,OH,6.9,Yellow
Butler County,OH,7.6,Yellow
Licking County,OH,7.8,Yellow
Fairfield County,OH,8.1,Yellow
Trumbull County,OH,9.4,Yellow
Montgomery County,OH,10.2,Orange
Tuscarawas County,OH,10.2,Orange
Coshocton County,OH,10.5,Orange
Holmes County,OH,13.3,Orange
Cuyahoga County,OH,13.3,Orange
Huron County,OH,13.7,Orange
Columbiana County,OH,14.9,Orange
Franklin County,OH,15.5,Orange
Hamilton County,OH,19.7,Orange
Beckham County,OK,0.0,Green
Alfalfa County,OK,0.0,Green
Cimarron County,OK,0.0,Green
Ellis County,OK,0.0,Green
Dewey County,OK,0.0,Green
Grant County,OK,0.0,Green
Harper County,OK,0.0,Green
Greer County,OK,0.0,Green
Major County,OK,0.0,Green
Roger Mills County,OK,0.0,Green
Statewide Unallocated,OK,0.0,Green
Woodward County,OK,0.7,Green
Le Flore County,OK,1.4,Yellow
Woods County,OK,1.6,Yellow
Craig County,OK,2.0,Yellow
Pittsburg County,OK,2.3,Yellow
Okfuskee County,OK,2.4,Yellow
Lincoln County,OK,2.5,Yellow
Coal County,OK,2.6,Yellow
Washita County,OK,2.6,Yellow
Love County,OK,2.8,Yellow
Pontotoc County,OK,3.0,Yellow
Hughes County,OK,3.2,Yellow
Garfield County,OK,3.3,Yellow
Stephens County,OK,3.3,Yellow
Washington County,OK,3.3,Yellow
Pottawatomie County,OK,3.5,Yellow
Johnston County,OK,3.9,Yellow
Tillman County,OK,3.9,Yellow
Noble County,OK,3.9,Yellow
Seminole County,OK,4.1,Yellow
Murray County,OK,4.1,Yellow
Nowata County,OK,4.3,Yellow
Pawnee County,OK,4.4,Yellow
Haskell County,OK,4.5,Yellow
Blaine County,OK,4.5,Yellow
Custer County,OK,4.9,Yellow
Cotton County,OK,5.0,Yellow
Cherokee County,OK,5.0,Yellow
Logan County,OK,5.1,Yellow
Sequoyah County,OK,5.2,Yellow
Kingfisher County,OK,5.4,Yellow
Beaver County,OK,5.4,Yellow
Caddo County,OK,5.5,Yellow
Mayes County,OK,5.6,Yellow
Texas County,OK,5.7,Yellow
Adair County,OK,5.8,Yellow
Atoka County,OK,6.2,Yellow
Comanche County,OK,6.5,Yellow
Kiowa County,OK,6.6,Yellow
Kay County,OK,6.6,Yellow
Muskogee County,OK,6.7,Yellow
Creek County,OK,7.0,Yellow
Jackson County,OK,7.6,Yellow
Canadian County,OK,7.6,Yellow
Rogers County,OK,8.2,Yellow
Osage County,OK,8.2,Yellow
Latimer County,OK,8.5,Yellow
Choctaw County,OK,8.8,Yellow
Pushmataha County,OK,9.0,Yellow
Grady County,OK,9.7,Yellow
Cleveland County,OK,10.1,Orange
Marshall County,OK,10.1,Orange
Harmon County,OK,10.8,Orange
Bryan County,OK,11.6,Orange
Jefferson County,OK,11.9,Orange
Garvin County,OK,11.9,Orange
Wagoner County,OK,12.0,Orange
McIntosh County,OK,12.4,Orange
Payne County,OK,12.6,Orange
Okmulgee County,OK,13.4,Orange
Carter County,OK,13.7,Orange
Delaware County,OK,14.3,Orange
Oklahoma County,OK,14.6,Orange
Ottawa County,OK,15.6,Orange
McClain County,OK,16.6,Orange
Tulsa County,OK,17.2,Orange
McCurtain County,OK,52.6,Red
Grant County,OR,0.0,Green
Harney County,OR,0.0,Green
Wheeler County,OR,0.0,Green
Statewide Unallocated,OR,0.0,Green
Coos County,OR,0.4,Green
Curry County,OR,0.6,Green
Clatsop County,OR,1.1,Yellow
Douglas County,OR,1.5,Yellow
Benton County,OR,1.8,Yellow
Crook County,OR,1.8,Yellow
Linn County,OR,1.9,Yellow
Columbia County,OR,2.7,Yellow
Jackson County,OR,2.8,Yellow
Lane County,OR,3.0,Yellow
Hood River County,OR,3.1,Yellow
Polk County,OR,3.3,Yellow
Yamhill County,OR,3.3,Yellow
Baker County,OR,3.5,Yellow
Deschutes County,OR,3.5,Yellow
Tillamook County,OR,3.7,Yellow
Josephine County,OR,3.9,Yellow
Wallowa County,OR,4.0,Yellow
Klamath County,OR,4.0,Yellow
Clackamas County,OR,5.0,Yellow
Multnomah County,OR,6.1,Yellow
Washington County,OR,7.1,Yellow
Marion County,OR,7.1,Yellow
Gilliam County,OR,7.5,Yellow
Lincoln County,OR,10.3,Orange
Lake County,OR,14.5,Orange
Wasco County,OR,15.0,Orange
Sherman County,OR,16.1,Orange
Union County,OR,18.1,Orange
Jefferson County,OR,20.9,Orange
Morrow County,OR,50.5,Red
Malheur County,OR,51.4,Red
Umatilla County,OR,53.1,Red
Bradford County,PA,0.0,Green
Fulton County,PA,0.0,Green
Forest County,PA,0.0,Green
Perry County,PA,0.0,Green
Statewide Unallocated,PA,0.0,Green
Somerset County,PA,0.4,Green
Clearfield County,PA,0.4,Green
Mifflin County,PA,0.6,Green
Wayne County,PA,0.6,Green
Warren County,PA,0.7,Green
Armstrong County,PA,1.1,Yellow
Tioga County,PA,1.1,Yellow
Snyder County,PA,1.1,Yellow
Wyoming County,PA,1.1,Yellow
Juniata County,PA,1.2,Yellow
Schuylkill County,PA,1.4,Yellow
Susquehanna County,PA,1.4,Yellow
Blair County,PA,1.5,Yellow
Union County,PA,1.6,Yellow
Potter County,PA,1.7,Yellow
Clinton County,PA,1.8,Yellow
McKean County,PA,1.8,Yellow
Indiana County,PA,2.0,Yellow
Greene County,PA,2.0,Yellow
Cambria County,PA,2.1,Yellow
Crawford County,PA,2.2,Yellow
Centre County,PA,2.3,Yellow
Luzerne County,PA,2.4,Yellow
Bedford County,PA,2.4,Yellow
Montour County,PA,2.4,Yellow
Venango County,PA,2.5,Yellow
Mercer County,PA,2.5,Yellow
Columbia County,PA,2.6,Yellow
Monroe County,PA,2.6,Yellow
Pike County,PA,2.6,Yellow
Berks County,PA,2.7,Yellow
Cumberland County,PA,2.8,Yellow
Huntingdon County,PA,2.8,Yellow
Carbon County,PA,2.9,Yellow
Lawrence County,PA,3.0,Yellow
Jefferson County,PA,3.0,Yellow
Cameron County,PA,3.2,Yellow
Erie County,PA,3.2,Yellow
Fayette County,PA,3.2,Yellow
Lackawanna County,PA,3.3,Yellow
Elk County,PA,3.3,Yellow
Adams County,PA,3.3,Yellow
Northampton County,PA,3.8,Yellow
Bucks County,PA,3.8,Yellow
Butler County,PA,3.9,Yellow
Franklin County,PA,4.0,Yellow
Montgomery County,PA,4.0,Yellow
Lehigh County,PA,4.1,Yellow
Northumberland County,PA,4.4,Yellow
Delaware County,PA,4.5,Yellow
Chester County,PA,4.7,Yellow
Lycoming County,PA,4.7,Yellow
York County,PA,4.9,Yellow
Clarion County,PA,5.2,Yellow
Lancaster County,PA,5.3,Yellow
Philadelphia County,PA,5.4,Yellow
Washington County,PA,5.8,Yellow
Lebanon County,PA,5.9,Yellow
Westmoreland County,PA,7.4,Yellow
Beaver County,PA,7.8,Yellow
Allegheny County,PA,11.6,Orange
Sullivan County,PA,11.8,Orange
Dauphin County,PA,12.9,Orange
Statewide Unallocated,RI,0.0,Green
Washington County,RI,1.7,Yellow
Bristol County,RI,2.7,Yellow
Kent County,RI,5.7,Yellow
Newport County,RI,6.4,Yellow
Providence County,RI,9.7,Yellow
Statewide Unallocated,SC,0.0,Green
Marlboro County,SC,9.8,Yellow
Chesterfield County,SC,10.6,Orange
Cherokee County,SC,10.7,Orange
Abbeville County,SC,12.2,Orange
Edgefield County,SC,13.1,Orange
Aiken County,SC,13.5,Orange
McCormick County,SC,13.6,Orange
Barnwell County,SC,13.7,Orange
Darlington County,SC,13.9,Orange
Anderson County,SC,15.1,Orange
Union County,SC,15.2,Orange
Oconee County,SC,15.4,Orange
Hampton County,SC,15.6,Orange
Clarendon County,SC,16.5,Orange
Spartanburg County,SC,18.8,Orange
Lancaster County,SC,19.2,Orange
York County,SC,19.7,Orange
Fairfield County,SC,20.5,Orange
Greenwood County,SC,20.8,Orange
Lee County,SC,21.2,Orange
Allendale County,SC,21.4,Orange
Dillon County,SC,22.0,Orange
Saluda County,SC,22.3,Orange
Calhoun County,SC,22.6,Orange
Pickens County,SC,22.7,Orange
Lexington County,SC,23.4,Orange
Chester County,SC,24.4,Orange
Williamsburg County,SC,24.5,Orange
Beaufort County,SC,25.0,Orange
Sumter County,SC,25.7,Red
Florence County,SC,25.8,Red
Colleton County,SC,26.9,Red
Jasper County,SC,27.1,Red
Kershaw County,SC,28.5,Red
Richland County,SC,28.5,Red
Newberry County,SC,28.6,Red
Greenville County,SC,30.6,Red
Berkeley County,SC,37.0,Red
Laurens County,SC,38.7,Red
Marion County,SC,39.1,Red
Orangeburg County,SC,40.8,Red
Dorchester County,SC,42.1,Red
Georgetown County,SC,50.8,Red
Bamberg County,SC,56.9,Red
Horry County,SC,60.3,Red
Charleston County,SC,78.8,Red
Aurora County,SD,0.0,Green
Bennett County,SD,0.0,Green
Butte County,SD,0.0,Green
Faulk County,SD,0.0,Green
Grant County,SD,0.0,Green
Harding County,SD,0.0,Green
Hand County,SD,0.0,Green
Haakon County,SD,0.0,Green
Jerauld County,SD,0.0,Green
Jackson County,SD,0.0,Green
Hyde County,SD,0.0,Green
Kingsbury County,SD,0.0,Green
Jones County,SD,0.0,Green
Lawrence County,SD,0.0,Green
Marshall County,SD,0.0,Green
Perkins County,SD,0.0,Green
Potter County,SD,0.0,Green
Sanborn County,SD,0.0,Green
Sully County,SD,0.0,Green
Ziebach County,SD,0.0,Green
Statewide Unallocated,SD,0.0,Green
Todd County,SD,1.4,Yellow
Turner County,SD,1.7,Yellow
Meade County,SD,2.0,Yellow
Fall River County,SD,2.1,Yellow
Bon Homme County,SD,2.1,Yellow
Lake County,SD,2.2,Yellow
Spink County,SD,2.2,Yellow
Brown County,SD,2.2,Yellow
Yankton County,SD,2.5,Yellow
Custer County,SD,3.2,Yellow
Deuel County,SD,3.3,Yellow
Edmunds County,SD,3.7,Yellow
Clark County,SD,3.8,Yellow
Hutchinson County,SD,3.9,Yellow
Moody County,SD,4.3,Yellow
Hamlin County,SD,4.6,Yellow
Minnehaha County,SD,4.8,Yellow
Davison County,SD,5.1,Yellow
Day County,SD,5.3,Yellow
McPherson County,SD,6.0,Yellow
Lincoln County,SD,6.1,Yellow
Miner County,SD,6.4,Yellow
Pennington County,SD,6.7,Yellow
Gregory County,SD,6.8,Yellow
Corson County,SD,7.0,Yellow
Clay County,SD,7.1,Yellow
Brookings County,SD,7.3,Yellow
McCook County,SD,7.7,Yellow
Tripp County,SD,7.9,Yellow
Stanley County,SD,9.2,Yellow
Dewey County,SD,9.7,Yellow
Campbell County,SD,10.4,Orange
Hughes County,SD,10.6,Orange
Union County,SD,10.8,Orange
Oglala Lakota County,SD,11.1,Orange
Codington County,SD,13.3,Orange
Beadle County,SD,13.9,Orange
Roberts County,SD,15.1,Orange
Walworth County,SD,15.8,Orange
Hanson County,SD,16.5,Orange
Douglas County,SD,24.5,Orange
Mellette County,SD,27.7,Red
Brule County,SD,29.7,Red
Charles Mix County,SD,32.3,Red
Buffalo County,SD,36.4,Red
Lyman County,SD,41.6,Red
Meigs County,TN,0.0,Green
Pickett County,TN,0.0,Green
Statewide Unallocated,TN,0.0,Green
Benton County,TN,0.9,Green
Lewis County,TN,1.2,Yellow
Unicoi County,TN,1.6,Yellow
Henry County,TN,1.8,Yellow
Scott County,TN,1.9,Yellow
Carter County,TN,2.5,Yellow
Morgan County,TN,2.7,Yellow
Hawkins County,TN,3.0,Yellow
Sullivan County,TN,3.1,Yellow
Bledsoe County,TN,3.8,Yellow
Coffee County,TN,4.0,Yellow
Lake County,TN,4.1,Yellow
Stewart County,TN,4.2,Yellow
Grundy County,TN,4.3,Yellow
Fentress County,TN,4.6,Yellow
Carroll County,TN,4.6,Yellow
White County,TN,4.7,Yellow
Franklin County,TN,4.7,Yellow
Decatur County,TN,4.9,Yellow
Washington County,TN,4.9,Yellow
Van Buren County,TN,4.9,Yellow
Lincoln County,TN,5.0,Yellow
Union County,TN,5.0,Yellow
Roane County,TN,5.1,Yellow
Cumberland County,TN,5.2,Yellow
Polk County,TN,5.9,Yellow
Greene County,TN,6.0,Yellow
Jackson County,TN,6.1,Yellow
Campbell County,TN,6.1,Yellow
Hickman County,TN,6.2,Yellow
Humphreys County,TN,6.2,Yellow
Weakley County,TN,6.4,Yellow
Hancock County,TN,6.5,Yellow
Monroe County,TN,6.8,Yellow
Overton County,TN,7.1,Yellow
Warren County,TN,7.3,Yellow
Giles County,TN,7.3,Yellow
Clay County,TN,7.5,Yellow
Blount County,TN,7.6,Yellow
Henderson County,TN,7.6,Yellow
Marion County,TN,7.9,Yellow
Montgomery County,TN,7.9,Yellow
Johnson County,TN,8.0,Yellow
Grainger County,TN,8.6,Yellow
Houston County,TN,8.7,Yellow
Perry County,TN,8.8,Yellow
Knox County,TN,8.9,Yellow
McMinn County,TN,9.0,Yellow
Anderson County,TN,9.7,Yellow
Crockett County,TN,10.0,Orange
Wayne County,TN,10.3,Orange
Loudon County,TN,10.3,Orange
Rhea County,TN,10.3,Orange
Madison County,TN,10.4,Orange
Hardin County,TN,10.6,Orange
Claiborne County,TN,10.7,Orange
Gibson County,TN,11.3,Orange
Maury County,TN,11.6,Orange
McNairy County,TN,11.7,Orange
Cannon County,TN,11.7,Orange
Jefferson County,TN,11.8,Orange
Obion County,TN,11.9,Orange
Tipton County,TN,12.1,Orange
Chester County,TN,12.4,Orange
Cheatham County,TN,12.6,Orange
Marshall County,TN,12.9,Orange
Moore County,TN,13.2,Orange
Dickson County,TN,13.2,Orange
DeKalb County,TN,13.9,Orange
Lawrence County,TN,16.2,Orange
Robertson County,TN,16.5,Orange
Sequatchie County,TN,17.1,Orange
Hamilton County,TN,17.9,Orange
Cocke County,TN,18.3,Orange
Wilson County,TN,21.3,Orange
Sumner County,TN,21.8,Orange
Williamson County,TN,22.1,Orange
Dyer County,TN,22.7,Orange
Haywood County,TN,24.8,Orange
Bedford County,TN,25.3,Red
Fayette County,TN,25.4,Red
Lauderdale County,TN,25.6,Red
Putnam County,TN,26.3,Red
Rutherford County,TN,26.9,Red
Trousdale County,TN,27.9,Red
Bradley County,TN,34.8,Red
Hamblen County,TN,35.0,Red
Sevier County,TN,37.1,Red
Smith County,TN,37.6,Red
Hardeman County,TN,38.2,Red
Shelby County,TN,40.5,Red
Davidson County,TN,49.7,Red
Macon County,TN,99.9,Red
Baylor County,TX,0.0,Green
Armstrong County,TX,0.0,Green
Borden County,TX,0.0,Green
Coleman County,TX,0.0,Green
Coke County,TX,0.0,Green
Cochran County,TX,0.0,Green
Childress County,TX,0.0,Green
Culberson County,TX,0.0,Green
Cottle County,TX,0.0,Green
Collingsworth County,TX,0.0,Green
Edwards County,TX,0.0,Green
Donley County,TX,0.0,Green
Dickens County,TX,0.0,Green
Foard County,TX,0.0,Green
Glasscock County,TX,0.0,Green
Garza County,TX,0.0,Green
Hall County,TX,0.0,Green
Irion County,TX,0.0,Green
Kinney County,TX,0.0,Green
King County,TX,0.0,Green
Kent County,TX,0.0,Green
Loving County,TX,0.0,Green
Mills County,TX,0.0,Green
McMullen County,TX,0.0,Green
Oldham County,TX,0.0,Green
Ochiltree County,TX,0.0,Green
Newton County,TX,0.0,Green
Motley County,TX,0.0,Green
Sherman County,TX,0.0,Green
Stonewall County,TX,0.0,Green
Statewide Unallocated,TX,0.0,Green
Lampasas County,TX,0.7,Green
Tyler County,TX,1.3,Yellow
Stephens County,TX,1.5,Yellow
Eastland County,TX,1.6,Yellow
Coryell County,TX,1.7,Yellow
Llano County,TX,2.0,Yellow
Jones County,TX,2.1,Yellow
San Saba County,TX,2.4,Yellow
Carson County,TX,2.4,Yellow
Haskell County,TX,2.5,Yellow
Dimmit County,TX,2.8,Yellow
Hudspeth County,TX,2.9,Yellow
Montague County,TX,2.9,Yellow
Callahan County,TX,3.1,Yellow
Archer County,TX,3.3,Yellow
Mason County,TX,3.3,Yellow
Wilbarger County,TX,3.4,Yellow
Howard County,TX,3.5,Yellow
Hardeman County,TX,3.6,Yellow
Jasper County,TX,4.0,Yellow
Clay County,TX,4.1,Yellow
Marion County,TX,4.3,Yellow
Gray County,TX,4.6,Yellow
Bosque County,TX,4.6,Yellow
Rusk County,TX,5.0,Yellow
Hamilton County,TX,5.1,Yellow
Cass County,TX,5.2,Yellow
Sabine County,TX,5.4,Yellow
Delta County,TX,5.4,Yellow
Wood County,TX,5.6,Yellow
Goliad County,TX,5.6,Yellow
Morris County,TX,5.8,Yellow
Blanco County,TX,6.0,Yellow
Bowie County,TX,6.1,Yellow
Moore County,TX,6.1,Yellow
Hopkins County,TX,6.2,Yellow
Gillespie County,TX,6.4,Yellow
Camp County,TX,6.5,Yellow
Falls County,TX,6.6,Yellow
Hill County,TX,6.6,Yellow
Austin County,TX,6.7,Yellow
Houston County,TX,6.8,Yellow
Rains County,TX,6.8,Yellow
Panola County,TX,6.8,Yellow
Shelby County,TX,6.8,Yellow
Bandera County,TX,6.8,Yellow
Milam County,TX,6.9,Yellow
Fort Bend County,TX,7.1,Yellow
Zavala County,TX,7.2,Yellow
Grayson County,TX,7.3,Yellow
Comanche County,TX,7.3,Yellow
Waller County,TX,7.8,Yellow
Knox County,TX,7.8,Yellow
Hansford County,TX,7.9,Yellow
Jack County,TX,8.0,Yellow
Upshur County,TX,8.2,Yellow
Bastrop County,TX,8.2,Yellow
Burnet County,TX,8.3,Yellow
Wheeler County,TX,8.5,Yellow
Presidio County,TX,8.5,Yellow
Van Zandt County,TX,8.6,Yellow
Gaines County,TX,8.6,Yellow
Rockwall County,TX,8.7,Yellow
Kendall County,TX,8.7,Yellow
Lipscomb County,TX,8.8,Yellow
Henderson County,TX,8.8,Yellow
Hutchinson County,TX,8.9,Yellow
Parker County,TX,8.9,Yellow
Gregg County,TX,9.0,Yellow
Cooke County,TX,9.0,Yellow
Wise County,TX,9.2,Yellow
Somervell County,TX,9.4,Yellow
Freestone County,TX,9.4,Yellow
Montgomery County,TX,9.4,Yellow
Throckmorton County,TX,9.5,Yellow
Young County,TX,9.5,Yellow
Potter County,TX,9.6,Yellow
Randall County,TX,9.6,Yellow
Limestone County,TX,9.8,Yellow
Burleson County,TX,10.1,Orange
Collin County,TX,10.2,Orange
Palo Pinto County,TX,10.3,Orange
Denton County,TX,10.5,Orange
Kerr County,TX,10.6,Orange
Hardin County,TX,10.7,Orange
Aransas County,TX,10.9,Orange
Harrison County,TX,10.9,Orange
Washington County,TX,11.1,Orange
Sterling County,TX,11.1,Orange
Zapata County,TX,11.1,Orange
Colorado County,TX,11.3,Orange
Bee County,TX,11.4,Orange
Medina County,TX,11.4,Orange
Brown County,TX,11.7,Orange
Nolan County,TX,11.7,Orange
Ward County,TX,11.9,Orange
Franklin County,TX,12.0,Orange
Fannin County,TX,12.1,Orange
Brooks County,TX,12.1,Orange
Real County,TX,12.4,Orange
Atascosa County,TX,12.6,Orange
Jackson County,TX,12.6,Orange
Pecos County,TX,12.6,Orange
Angelina County,TX,12.7,Orange
Wilson County,TX,12.9,Orange
Shackelford County,TX,13.1,Orange
Lee County,TX,13.3,Orange
Mitchell County,TX,13.4,Orange
Swisher County,TX,13.5,Orange
Fayette County,TX,13.5,Orange
Nacogdoches County,TX,13.6,Orange
Leon County,TX,14.0,Orange
Wharton County,TX,14.1,Orange
Red River County,TX,14.3,Orange
Wichita County,TX,14.7,Orange
Johnson County,TX,14.7,Orange
Williamson County,TX,15.0,Orange
Taylor County,TX,15.3,Orange
Lamb County,TX,15.5,Orange
Bell County,TX,15.5,Orange
Trinity County,TX,15.6,Orange
Upton County,TX,15.6,Orange
Dallam County,TX,15.7,Orange
San Jacinto County,TX,15.8,Orange
Tarrant County,TX,15.9,Orange
Madison County,TX,16.0,Orange
McCulloch County,TX,16.1,Orange
Kleberg County,TX,16.3,Orange
Anderson County,TX,16.3,Orange
Kimble County,TX,16.5,Orange
Hood County,TX,16.7,Orange
Smith County,TX,16.7,Orange
San Patricio County,TX,16.7,Orange
Runnels County,TX,16.7,Orange
Roberts County,TX,16.7,Orange
Calhoun County,TX,16.8,Orange
Midland County,TX,16.9,Orange
Lamar County,TX,17.2,Orange
Martin County,TX,17.3,Orange
Polk County,TX,17.8,Orange
Orange County,TX,18.0,Orange
Guadalupe County,TX,18.1,Orange
Ector County,TX,18.2,Orange
Bailey County,TX,18.4,Orange
Robertson County,TX,18.4,Orange
Terrell County,TX,18.4,Orange
Liberty County,TX,18.6,Orange
Live Oak County,TX,18.7,Orange
Jeff Davis County,TX,18.8,Orange
San Augustine County,TX,19.1,Orange
Jim Hogg County,TX,19.2,Orange
Hockley County,TX,19.9,Orange
Tom Green County,TX,19.9,Orange
Comal County,TX,20.1,Orange
Cameron County,TX,20.1,Orange
Hunt County,TX,20.4,Orange
Harris County,TX,20.5,Orange
La Salle County,TX,20.9,Orange
Concho County,TX,21.0,Orange
Brazoria County,TX,21.1,Orange
Walker County,TX,22.3,Orange
Fisher County,TX,22.4,Orange
El Paso County,TX,22.8,Orange
Andrews County,TX,22.9,Orange
Scurry County,TX,23.1,Orange
Terry County,TX,23.2,Orange
Crockett County,TX,24.7,Orange
Reeves County,TX,25.0,Red
Kaufman County,TX,25.2,Red
Titus County,TX,25.7,Red
Erath County,TX,25.8,Red
Ellis County,TX,25.9,Red
Chambers County,TX,26.1,Red
Lynn County,TX,26.4,Red
Winkler County,TX,26.8,Red
Crosby County,TX,27.4,Red
Yoakum County,TX,27.9,Red
Navarro County,TX,27.9,Red
Dawson County,TX,28.1,Red
Dallas County,TX,28.1,Red
DeWitt County,TX,28.3,Red
Cherokee County,TX,29.0,Red
Lubbock County,TX,29.3,Red
Karnes County,TX,29.3,Red
Webb County,TX,29.4,Red
Jim Wells County,TX,29.6,Red
Crane County,TX,29.8,Red
Hemphill County,TX,29.9,Red
Sutton County,TX,30.3,Red
Hidalgo County,TX,31.3,Red
Menard County,TX,33.4,Red
Bexar County,TX,34.9,Red
Floyd County,TX,35.0,Red
Kenedy County,TX,35.4,Red
Schleicher County,TX,35.8,Red
Hartley County,TX,35.9,Red
Travis County,TX,37.1,Red
Hays County,TX,38.4,Red
Frio County,TX,38.7,Red
Refugio County,TX,39.1,Red
Gonzales County,TX,39.8,Red
Parmer County,TX,40.2,Red
Reagan County,TX,40.8,Red
Brazos County,TX,42.4,Red
Caldwell County,TX,42.5,Red
Uvalde County,TX,42.7,Red
Matagorda County,TX,42.9,Red
Lavaca County,TX,43.2,Red
Briscoe County,TX,46.2,Red
Castro County,TX,47.4,Red
Galveston County,TX,48.8,Red
Maverick County,TX,50.6,Red
Val Verde County,TX,51.6,Red
McLennan County,TX,52.3,Red
Deaf Smith County,TX,52.4,Red
Duval County,TX,53.8,Red
Starr County,TX,58.4,Red
Willacy County,TX,61.5,Red
Jefferson County,TX,62.2,Red
Nueces County,TX,73.6,Red
Brewster County,TX,90.0,Red
Victoria County,TX,90.4,Red
Grimes County,TX,105.4,Red
Hale County,TX,113.3,Red
Carbon County,UT,0.0,Green
Daggett County,UT,0.0,Green
Emery County,UT,0.0,Green
Wayne County,UT,0.0,Green
Statewide Unallocated,UT,0.0,Green
Uintah County,UT,0.4,Green
Duchesne County,UT,0.7,Green
Kane County,UT,1.8,Yellow
Sevier County,UT,2.6,Yellow
Sanpete County,UT,5.1,Yellow
Garfield County,UT,5.7,Yellow
Rich County,UT,5.8,Yellow
Grand County,UT,5.9,Yellow
Beaver County,UT,6.4,Yellow
Morgan County,UT,7.1,Yellow
Juab County,UT,7.1,Yellow
Tooele County,UT,7.9,Yellow
Wasatch County,UT,9.2,Yellow
Box Elder County,UT,9.4,Yellow
Cache County,UT,11.8,Orange
Summit County,UT,12.2,Orange
Davis County,UT,12.4,Orange
Iron County,UT,12.8,Orange
San Juan County,UT,14.0,Orange
Washington County,UT,14.3,Orange
Utah County,UT,15.8,Orange
Weber County,UT,17.2,Orange
Piute County,UT,19.3,Orange
Salt Lake County,UT,23.5,Orange
Millard County,UT,32.5,Red
Bath County,VA,0.0,Green
Bland County,VA,0.0,Green
Highland County,VA,0.0,Green
Lancaster County,VA,0.0,Green
Middlesex County,VA,0.0,Green
Norton city,VA,0.0,Green
Northumberland County,VA,0.0,Green
Poquoson city,VA,0.0,Green
Statewide Unallocated,VA,0.0,Green
Tazewell County,VA,0.4,Green
Caroline County,VA,0.5,Green
Fairfax city,VA,0.6,Green
Scott County,VA,0.7,Green
Bristol city,VA,0.9,Green
Amherst County,VA,0.9,Green
Wise County,VA,1.1,Yellow
Madison County,VA,1.1,Yellow
Washington County,VA,1.1,Yellow
Buchanan County,VA,1.4,Yellow
King George County,VA,1.6,Yellow
Matthews County,VA,1.6,Yellow
King William County,VA,1.7,Yellow
Augusta County,VA,1.9,Yellow
Rockbridge County,VA,1.9,Yellow
Gloucester County,VA,1.9,Yellow
Nelson County,VA,1.9,Yellow
New Kent County,VA,1.9,Yellow
Dickenson County,VA,2.0,Yellow
King and Queen County,VA,2.0,Yellow
Campbell County,VA,2.1,Yellow
Accomack County,VA,2.2,Yellow
Buena Vista city,VA,2.2,Yellow
Radford city,VA,2.3,Yellow
Stafford County,VA,2.6,Yellow
Russell County,VA,2.7,Yellow
Falls Church city,VA,2.9,Yellow
York County,VA,3.1,Yellow
Orange County,VA,3.1,Yellow
Montgomery County,VA,3.2,Yellow
Smyth County,VA,3.3,Yellow
Amelia County,VA,3.3,Yellow
Powhatan County,VA,3.4,Yellow
Wythe County,VA,3.5,Yellow
Charlotte County,VA,3.6,Yellow
Floyd County,VA,3.6,Yellow
Hanover County,VA,3.6,Yellow
Appomattox County,VA,3.6,Yellow
Mecklenburg County,VA,3.7,Yellow
Lee County,VA,3.7,Yellow
Northampton County,VA,3.7,Yellow
Culpeper County,VA,3.8,Yellow
Alleghany County,VA,3.8,Yellow
Pulaski County,VA,3.8,Yellow
Essex County,VA,3.9,Yellow
Dinwiddie County,VA,4.0,Yellow
Colonial Heights city,VA,4.1,Yellow
Charles City County,VA,4.1,Yellow
Arlington County,VA,4.2,Yellow
Giles County,VA,4.3,Yellow
Henrico County,VA,4.4,Yellow
Fredericksburg City,VA,4.4,Yellow
Grayson County,VA,4.6,Yellow
Warren County,VA,4.6,Yellow
Louisa County,VA,4.6,Yellow
Nottoway County,VA,4.7,Yellow
Richmond County,VA,4.7,Yellow
Fairfax County,VA,4.7,Yellow
Goochland County,VA,4.8,Yellow
Patrick County,VA,4.9,Yellow
Lynchburg city,VA,4.9,Yellow
Fauquier County,VA,5.0,Yellow
Bedford County,VA,5.1,Yellow
Covington city,VA,5.2,Yellow
Frederick County,VA,5.3,Yellow
Craig County,VA,5.6,Yellow
Prince George County,VA,5.6,Yellow
Richmond City,VA,5.7,Yellow
Alexandria City,VA,5.7,Yellow
Spotsylvania County,VA,5.8,Yellow
Rappahannock County,VA,5.8,Yellow
Lexington city,VA,5.8,Yellow
Fluvanna County,VA,5.8,Yellow
Greene County,VA,5.8,Yellow
Halifax County,VA,5.9,Yellow
Isle of Wight County,VA,6.2,Yellow
Hampton city,VA,6.3,Yellow
Staunton city,VA,6.3,Yellow
Chesterfield County,VA,6.4,Yellow
Southampton County,VA,6.5,Yellow
Surry County,VA,6.7,Yellow
Newport News City,VA,6.7,Yellow
Clarke County,VA,6.8,Yellow
Danville City,VA,6.8,Yellow
Rockingham County,VA,6.8,Yellow
Pittsylvania County,VA,6.9,Yellow
Virginia Beach City,VA,7.2,Yellow
James City County,VA,7.3,Yellow
Franklin County,VA,7.6,Yellow
Chesapeake City,VA,7.9,Yellow
Lunenburg County,VA,8.2,Yellow
Suffolk City,VA,8.2,Yellow
Buckingham County,VA,8.3,Yellow
Charlottesville City,VA,8.5,Yellow
Albemarle County,VA,8.8,Yellow
Brunswick County,VA,8.8,Yellow
Harrisonburg City,VA,8.9,Yellow
Waynesboro city,VA,9.5,Yellow
Loudoun County,VA,9.5,Yellow
Westmoreland County,VA,9.5,Yellow
Page County,VA,9.6,Yellow
Cumberland County,VA,10.1,Orange
Hopewell city,VA,10.8,Orange
Henry County,VA,11.0,Orange
Prince William County,VA,11.1,Orange
Roanoke County,VA,11.7,Orange
Winchester city,VA,11.7,Orange
Carroll County,VA,12.5,Orange
Franklin city,VA,12.6,Orange
Norfolk City,VA,12.8,Orange
Shenandoah County,VA,13.1,Orange
Portsmouth City,VA,13.6,Orange
Manassas Park city,VA,13.9,Orange
Salem city,VA,15.2,Orange
Martinsville city,VA,15.9,Orange
Roanoke city,VA,16.0,Orange
Williamsburg City,VA,16.2,Orange
Greensville County,VA,17.6,Orange
Sussex County,VA,19.2,Orange
Prince Edward County,VA,19.4,Orange
Manassas City,VA,22.9,Orange
Petersburg city,VA,24.6,Orange
Botetourt County,VA,26.1,Red
Emporia city,VA,26.7,Red
Galax city,VA,45.0,Red
Addison County,VT,0.0,Green
Essex County,VT,0.0,Green
Grand Isle County,VT,0.0,Green
Orleans County,VT,0.0,Green
Statewide Unallocated,VT,0.0,Green
Washington County,VT,0.2,Green
Rutland County,VT,0.2,Green
Windsor County,VT,0.3,Green
Orange County,VT,0.5,Green
Bennington County,VT,0.8,Green
Windham County,VT,1.0,Yellow
Caledonia County,VT,1.0,Green
Franklin County,VT,1.7,Yellow
Lamoille County,VT,2.3,Yellow
Chittenden County,VT,2.4,Yellow
Asotin County,WA,0.0,Green
Columbia County,WA,0.0,Green
Garfield County,WA,0.0,Green
Ferry County,WA,0.0,Green
Grays Harbor County,WA,0.0,Green
San Juan County,WA,0.0,Green
Wahkiakum County,WA,0.0,Green
Unassigned,WA,0.0,Green
Statewide Unallocated,WA,0.0,Green
Whitman County,WA,0.6,Green
Stevens County,WA,0.9,Green
Jefferson County,WA,0.9,Green
Island County,WA,1.0,Yellow
Clallam County,WA,1.3,Yellow
Mason County,WA,1.3,Yellow
Lincoln County,WA,1.3,Yellow
Kitsap County,WA,1.6,Yellow
Lewis County,WA,2.0,Yellow
Pend Oreille County,WA,2.1,Yellow
Thurston County,WA,2.6,Yellow
Pacific County,WA,3.3,Yellow
Whatcom County,WA,4.2,Yellow
Snohomish County,WA,4.5,Yellow
Cowlitz County,WA,5.0,Yellow
Klickitat County,WA,5.1,Yellow
Pierce County,WA,5.1,Yellow
Walla Walla County,WA,5.1,Yellow
Skagit County,WA,5.1,Yellow
Skamania County,WA,5.9,Yellow
Clark County,WA,6.6,Yellow
King County,WA,6.7,Yellow
Kittitas County,WA,7.4,Yellow
Spokane County,WA,11.3,Orange
Grant County,WA,11.6,Orange
Chelan County,WA,16.0,Orange
Douglas County,WA,16.3,Orange
Okanogan County,WA,17.1,Orange
Benton County,WA,19.1,Orange
Adams County,WA,25.5,Red
Yakima County,WA,31.8,Red
Franklin County,WA,48.3,Red
Bayfield County,WI,0.0,Green
Ashland County,WI,0.0,Green
Pepin County,WI,0.0,Green
Richland County,WI,0.0,Green
Price County,WI,0.0,Green
Sawyer County,WI,0.0,Green
Rusk County,WI,0.0,Green
Vilas County,WI,0.0,Green
Washburn County,WI,0.0,Green
Statewide Unallocated,WI,0.0,Green
Oneida County,WI,0.4,Green
Barron County,WI,0.6,Green
Jackson County,WI,0.7,Green
Burnett County,WI,0.9,Green
Door County,WI,1.0,Yellow
Buffalo County,WI,1.1,Yellow
Forest County,WI,1.6,Yellow
Fond du Lac County,WI,1.7,Yellow
Dunn County,WI,1.9,Yellow
Taylor County,WI,2.1,Yellow
Vernon County,WI,2.8,Yellow
Langlade County,WI,3.0,Yellow
Pierce County,WI,3.0,Yellow
Menominee County,WI,3.1,Yellow
Green County,WI,3.1,Yellow
Lincoln County,WI,3.1,Yellow
Florence County,WI,3.3,Yellow
Oconto County,WI,3.4,Yellow
Sheboygan County,WI,3.8,Yellow
Shawano County,WI,3.8,Yellow
Green Lake County,WI,3.8,Yellow
Marinette County,WI,4.2,Yellow
Manitowoc County,WI,4.2,Yellow
Calumet County,WI,4.3,Yellow
Chippewa County,WI,4.4,Yellow
Rock County,WI,4.5,Yellow
Polk County,WI,4.6,Yellow
Winnebago County,WI,4.7,Yellow
Sauk County,WI,4.7,Yellow
Racine County,WI,4.8,Yellow
Iowa County,WI,4.8,Yellow
Dodge County,WI,4.9,Yellow
Lafayette County,WI,5.1,Yellow
Columbia County,WI,5.2,Yellow
Kewaunee County,WI,5.6,Yellow
Douglas County,WI,5.6,Yellow
Waushara County,WI,5.8,Yellow
Juneau County,WI,5.9,Yellow
Ozaukee County,WI,6.1,Yellow
Monroe County,WI,6.2,Yellow
Marathon County,WI,6.3,Yellow
Outagamie County,WI,6.5,Yellow
Grant County,WI,6.9,Yellow
Clark County,WI,7.0,Yellow
Crawford County,WI,7.1,Yellow
Wood County,WI,7.2,Yellow
St. Croix County,WI,7.4,Yellow
Iron County,WI,7.5,Yellow
Washington County,WI,8.0,Yellow
Waupaca County,WI,8.1,Yellow
Waukesha County,WI,8.7,Yellow
Kenosha County,WI,9.1,Yellow
Jefferson County,WI,9.6,Yellow
Trempealeau County,WI,9.6,Yellow
Marquette County,WI,10.1,Orange
Eau Claire County,WI,10.4,Orange
Brown County,WI,10.4,Orange
Adams County,WI,12.0,Orange
Portage County,WI,12.5,Orange
La Crosse County,WI,13.6,Orange
Walworth County,WI,16.1,Orange
Milwaukee County,WI,17.0,Orange
Dane County,WI,19.3,Orange
Webster County,WV,-1.8,Green
Barbour County,WV,0.0,Green
Braxton County,WV,0.0,Green
Calhoun County,WV,0.0,Green
Clay County,WV,0.0,Green
Doddridge County,WV,0.0,Green
Grant County,WV,0.0,Green
McDowell County,WV,0.0,Green
Morgan County,WV,0.0,Green
Pleasants County,WV,0.0,Green
Pendleton County,WV,0.0,Green
Roane County,WV,0.0,Green
Ritchie County,WV,0.0,Green
Summers County,WV,0.0,Green
Tucker County,WV,0.0,Green
Wyoming County,WV,0.0,Green
Wirt County,WV,0.0,Green
Statewide Unallocated,WV,0.0,Green
Marshall County,WV,0.5,Green
Hampshire County,WV,0.6,Green
Fayette County,WV,0.7,Green
Taylor County,WV,0.9,Green
Jackson County,WV,1.0,Green
Logan County,WV,1.3,Yellow
Brooke County,WV,1.3,Yellow
Lincoln County,WV,1.4,Yellow
Mineral County,WV,1.6,Yellow
Tyler County,WV,1.7,Yellow
Gilmer County,WV,1.8,Yellow
Boone County,WV,2.0,Yellow
Hardy County,WV,2.1,Yellow
Wayne County,WV,2.2,Yellow
Harrison County,WV,2.3,Yellow
Raleigh County,WV,2.5,Yellow
Greenbrier County,WV,2.5,Yellow
Mason County,WV,2.7,Yellow
Lewis County,WV,2.7,Yellow
Putnam County,WV,3.0,Yellow
Upshur County,WV,3.0,Yellow
Hancock County,WV,3.0,Yellow
Mercer County,WV,3.4,Yellow
Nicholas County,WV,3.5,Yellow
Kanawha County,WV,3.5,Yellow
Berkeley County,WV,3.6,Yellow
Mingo County,WV,3.7,Yellow
Marion County,WV,3.8,Yellow
Wetzel County,WV,3.8,Yellow
Jefferson County,WV,5.0,Yellow
Preston County,WV,5.1,Yellow
Monroe County,WV,5.4,Yellow
Cabell County,WV,6.4,Yellow
Ohio County,WV,7.6,Yellow
Wood County,WV,7.7,Yellow
Randolph County,WV,8.0,Yellow
Monongalia County,WV,9.9,Yellow
Pocahontas County,WV,12.1,Orange
Crook County,WY,0.0,Green
Converse County,WY,0.0,Green
Hot Springs County,WY,0.0,Green
Johnson County,WY,0.0,Green
Niobrara County,WY,0.0,Green
Sublette County,WY,0.0,Green
Washakie County,WY,0.0,Green
Statewide Unallocated,WY,0.0,Green
Sheridan County,WY,0.5,Green
Albany County,WY,1.8,Yellow
Weston County,WY,2.1,Yellow
Goshen County,WY,3.2,Yellow
Platte County,WY,3.4,Yellow
Carbon County,WY,3.9,Yellow
Natrona County,WY,3.9,Yellow
Campbell County,WY,4.6,Yellow
Laramie County,WY,5.5,Yellow
Fremont County,WY,5.5,Yellow
Sweetwater County,WY,8.1,Yellow
Teton County,WY,10.4,Orange
Uinta County,WY,11.3,Orange
Park County,WY,12.2,Orange
Lincoln County,WY,13.0,Orange
Big Horn County,WY,13.3,Orange
